date,sector_id,name,type,main_net_yi,turnover_yi,pct_chg,main_ratio,hotscore,life,up_cnt,down_cnt,fund_streak
2026-09-11,BK0459,元件,行业,37.87,1477.3,3.03,2.56,98.0,强势延续,50.0,17.0,3
2026-09-11,BK1339,被动元件,行业,29.09,332.8,2.39,8.74,97.1,强势延续,14.0,5.0,1
2026-09-11,BK0448,通信设备,行业,47.41,1775.1,0.52,2.67,97.0,强势延续,38.0,52.0,1
2026-09-11,BK1136,光通信模块,概念,43.37,2640.2,0.07,1.64,96.8,强势延续,42.0,75.0,1
2026-09-11,BK1591,通信网络设备及器件,行业,30.6,1070.3,0.05,2.86,96.5,强势延续,11.0,26.0,1
2026-09-11,BK1340,印制电路板,行业,8.78,1144.6,3.28,0.77,96.3,强势延续,36.0,12.0,3
2026-09-11,BK1215,通信,行业,44.32,1876.9,-0.04,2.36,96.0,形成,42.0,84.0,1
2026-09-11,BK1088,F5G概念,概念,24.0,850.1,-0.17,2.82,95.9,强势延续,8.0,18.0,1
2026-09-11,BK1382,地面兵装Ⅲ,行业,13.58,118.9,4.48,11.42,95.6,观察,12.0,0,1
2026-09-11,BK1229,地面兵装Ⅱ,行业,13.58,118.9,4.48,11.42,95.6,观察,12.0,0,1
2026-09-11,BK1204,国防军工,行业,9.62,730.6,0.07,1.32,94.4,强化,56.0,85.0,1
2026-09-11,BK1375,光伏发电,行业,4.18,56.0,1.44,7.47,93.3,强势延续,7.0,6.0,2
2026-09-11,BK1380,水力发电,行业,2.48,89.5,1.43,2.78,92.9,观察,7.0,3.0,1
2026-09-11,BK1716,反转股,概念,2.02,128.7,2.03,1.57,92.6,强势延续,5.0,4.0,2
2026-09-11,BK0808,军民融合,概念,12.63,883.6,-0.38,1.43,92.4,试探,59.0,120.0,1
2026-09-11,BK0976,被动元件概念,概念,33.69,504.8,2.54,6.67,92.1,强势延续,21.0,8.0,2
2026-09-11,BK0855,纳米银,概念,1.27,92.1,0.06,1.38,92.0,强势延续,3.0,4.0,2
2026-09-11,BK1313,风电零部件,行业,5.96,81.6,0.06,7.31,91.9,形成,10.0,16.0,2
2026-09-11,BK1295,其他数字媒体,行业,4.42,12.2,3.78,36.31,91.8,强化,1.0,1.0,3
2026-09-11,BK1032,风电设备,行业,6.73,117.9,0.09,5.71,91.2,形成,12.0,19.0,2
2026-09-11,BK1592,通信线缆及配套,行业,26.71,504.6,5.84,5.29,91.0,高潮,12.0,1.0,2
2026-09-11,BK1590,其他通信设备,行业,1.65,31.3,1.14,5.27,90.5,强势延续,8.0,6.0,2
2026-09-11,BK1386,军工电子Ⅲ,行业,9.78,229.4,0.04,4.26,90.3,形成,26.0,35.0,2
2026-09-11,BK1233,军工电子Ⅱ,行业,9.78,229.4,0.04,4.26,90.3,形成,26.0,35.0,2
2026-09-11,BK1520,综合乘用车,行业,4.8,36.8,-0.03,13.05,89.8,形成,1.0,5.0,3
2026-09-11,BK1450,空调,行业,1.76,38.7,0.37,4.54,89.6,观察,2.0,2.0,1
2026-09-11,BK0714,5G概念,概念,44.88,4149.1,-0.36,1.08,89.5,形成,99.0,226.0,2
2026-09-11,BK1289,大众出版,行业,0.97,46.0,-0.78,2.12,89.4,形成,5.0,12.0,3
2026-09-11,BK1218,出版,行业,1.01,54.4,-0.67,1.85,89.2,形成,6.0,19.0,3
2026-09-11,BK0890,MLCC,概念,28.28,529.3,1.72,5.34,89.2,强势延续,20.0,19.0,2
2026-09-11,BK1168,铜缆高速连接,概念,7.15,597.4,0.93,1.2,89.2,强势延续,17.0,24.0,2
2026-09-11,BK1462,玻纤制造,行业,2.61,263.2,4.67,0.99,89.1,强势延续,8.0,0,2
2026-09-11,BK0546,玻璃玻纤,行业,2.6,275.2,3.05,0.95,88.9,强势延续,12.0,4.0,2
2026-09-11,BK1128,CPO概念,概念,21.16,2525.6,-0.57,0.84,88.9,强势延续,29.0,63.0,2
2026-09-11,BK1298,文字媒体,行业,1.64,29.8,3.2,5.5,88.7,试探,1.0,1.0,1
2026-09-11,BK1299,影视动漫制作,行业,0.65,48.9,1.0,1.32,88.0,观察,5.0,9.0,1
2026-09-11,BK1222,影视院线,行业,0.39,57.5,0.54,0.67,87.9,观察,6.0,12.0,1
2026-09-11,BK0959,数字阅读,概念,1.65,56.1,-0.03,2.94,87.6,试探,4.0,13.0,1
2026-09-11,BK1439,膜材料,行业,3.12,82.3,-0.41,3.79,87.3,形成,8.0,13.0,2
2026-09-11,BK1515,粮食种植,行业,0.4,14.5,-0.92,2.73,86.9,强势延续,1.0,1.0,2
2026-09-11,BK0679,超导概念,概念,12.54,382.5,-0.41,3.28,86.8,形成,8.0,18.0,2
2026-09-11,BK1453,彩电,行业,0.63,14.1,2.5,4.42,86.7,观察,3.0,1.0,1
2026-09-11,BK1314,风电整机,行业,0.77,36.3,0.25,2.12,86.5,强势延续,2.0,3.0,2
2026-09-11,BK1650,通信技术,概念,12.67,4719.2,-0.51,0.27,86.2,形成,107.0,273.0,2
2026-09-11,BK1144,高压快充,概念,15.16,314.7,-0.99,4.82,86.1,形成,10.0,48.0,2
2026-09-11,BK1373,电能综合服务,行业,0.54,48.0,-1.41,1.13,86.0,强势延续,4.0,11.0,2
2026-09-11,BK1611,国有大型银行Ⅲ,行业,1.07,114.6,0.39,0.94,85.9,观察,5.0,0,4
2026-09-11,BK1571,油品石化贸易,行业,0.64,10.7,-1.35,5.95,85.7,形成,1.0,5.0,3
2026-09-11,BK0983,核污染防治,概念,0.57,92.7,-0.87,0.61,85.7,形成,8.0,24.0,2
2026-09-11,BK0703,超级电容,概念,24.26,408.9,-1.15,5.93,85.6,形成,11.0,33.0,2
2026-09-11,BK0907,转基因,概念,2.86,102.8,-1.9,2.78,85.1,观察,4.0,16.0,1
2026-09-11,BK1477,其他专业工程,行业,1.97,64.8,-1.76,3.03,85.0,形成,3.0,16.0,2
2026-09-11,BK0964,6G概念,概念,5.02,576.9,-0.24,0.87,84.8,形成,18.0,31.0,2
2026-09-11,BK0921,卫星互联网,概念,8.68,723.2,-0.29,1.2,84.6,形成,29.0,73.0,2
2026-09-11,BK0625,通用航空,概念,0.34,142.3,-0.93,0.24,84.1,试探,9.0,27.0,1
2026-09-11,BK1376,核力发电,行业,0.49,11.3,-0.33,4.33,83.9,试探,1.0,2.0,1
2026-09-11,BK1495,生活用纸,行业,0.66,11.6,-1.59,5.69,83.5,形成,2.0,7.0,3
2026-09-11,BK0985,换电概念,概念,2.3,136.8,-1.52,1.68,83.5,试探,9.0,35.0,1
2026-09-11,BK1241,黑色家电,行业,0.37,20.6,-0.04,1.79,83.1,观察,4.0,5.0,1
2026-09-11,BK1587,电信运营商,行业,0.36,25.1,0.81,1.46,82.6,试探,3.0,0,1
2026-09-11,BK1637,东方财富热股,概念,13.94,2758.6,-1.49,0.51,82.5,观察,34.0,66.0,1
2026-09-11,BK0429,交运设备,概念,3.24,149.3,-1.32,2.17,82.4,形成,9.0,43.0,3
2026-09-11,BK1113,复合集流体,概念,0.03,234.9,-0.83,0.01,82.3,观察,6.0,24.0,1
2026-09-11,BK1312,线缆部件及其他,行业,1.85,223.9,-0.52,0.83,82.2,试探,12.0,27.0,1
2026-09-11,BK0868,GDR,概念,1.15,105.9,-0.78,1.09,81.9,试探,2.0,8.0,1
2026-09-11,BK1124,毫米波概念,概念,7.89,469.5,-0.41,1.68,81.7,试探,13.0,43.0,1
2026-09-11,BK0656,智能电视,概念,1.12,41.8,-0.56,2.68,81.7,试探,3.0,10.0,1
2026-09-11,BK1248,专业工程,行业,0.8,89.1,-1.69,0.9,81.6,形成,6.0,32.0,2
2026-09-11,BK0428,电力,行业,-0.88,499.1,-0.45,-0.18,81.5,观察,34.0,73.0,0
2026-09-11,BK1461,玻璃制造,行业,-0.01,12.0,1.61,-0.1,81.4,撤退,4.0,4.0,0
2026-09-11,BK1130,时空大数据,概念,8.79,76.2,-1.21,11.54,81.4,试探,5.0,22.0,1
2026-09-11,BK1329,集成电路制造,行业,18.57,201.2,-0.92,9.23,81.0,试探,3.0,6.0,1
2026-09-11,BK0595,风能,概念,0.66,1601.4,-0.99,0.04,81.0,形成,57.0,191.0,2
2026-09-11,BK1457,厨房小家电,行业,1.18,11.0,-1.12,10.69,80.9,形成,2.0,9.0,3
2026-09-11,BK1516,其他种植业,行业,1.1,61.1,-3.35,1.8,80.7,观察,2.0,3.0,1
2026-09-11,BK1261,种植业,行业,3.01,165.8,-2.79,1.81,80.6,观察,4.0,17.0,1
2026-09-11,BK0643,上海自贸,概念,5.06,109.6,-1.59,4.61,80.5,形成,4.0,31.0,3
2026-09-11,BK1171,碳纤维,概念,9.64,228.3,-1.39,4.22,80.4,形成,8.0,38.0,2
2026-09-11,BK1290,教育出版,行业,0.03,8.4,-0.48,0.39,80.2,观察,1.0,7.0,1
2026-09-11,BK0847,影视概念,概念,0.98,158.0,-0.8,0.62,80.0,试探,12.0,52.0,1
2026-09-11,BK1503,果蔬加工,行业,0.12,13.7,-2.04,0.9,79.5,观察,2.0,4.0,1
2026-09-11,BK1425,胶黏剂及胶带,行业,-0.02,7.5,0.12,-0.3,79.3,观察,3.0,2.0,0
2026-09-11,BK1262,乘用车,行业,2.23,70.4,-0.46,3.17,79.0,试探,2.0,7.0,1
2026-09-11,BK1442,炭黑,行业,0.24,12.6,-2.48,1.88,78.6,形成,1.0,5.0,3
2026-09-11,BK1239,白色家电,行业,0.82,48.2,-0.89,1.7,78.5,试探,2.0,9.0,1
2026-09-11,BK1221,数字媒体,行业,6.1,103.2,-0.11,5.91,78.0,试探,5.0,10.0,1
2026-09-11,BK0918,特高压,概念,2.49,615.8,-0.94,0.4,77.9,试探,19.0,72.0,1
2026-09-11,BK1547,跨境电商,行业,0.12,13.3,-0.87,0.88,77.8,试探,3.0,5.0,1
2026-09-11,BK1751,2026中报首亏,概念,1.39,605.1,-1.86,0.23,77.6,试探,34.0,242.0,1
2026-09-11,BK0802,智能驾驶,概念,10.93,1610.7,-1.32,0.68,77.5,形成,54.0,244.0,2
2026-09-11,BK0592,铁路基建,概念,7.85,354.8,-1.52,2.21,77.5,形成,18.0,109.0,2
2026-09-11,BK1518,种子,行业,1.65,83.2,-2.45,1.99,77.4,观察,1.0,9.0,1
2026-09-11,BK1076,建筑节能,概念,2.54,122.9,-1.94,2.07,77.3,形成,7.0,48.0,2
2026-09-11,BK0852,冷链物流,概念,8.86,391.2,-1.89,2.27,77.0,试探,13.0,104.0,1
2026-09-11,BK1029,汽车整车,概念,2.62,112.1,-1.0,2.34,76.6,试探,3.0,23.0,1
2026-09-11,BK1489,快递,行业,-0.06,14.9,-0.7,-0.39,76.4,观察,1.0,3.0,0
2026-09-11,BK1022,职业教育,概念,3.34,166.2,-1.52,2.01,75.8,试探,11.0,59.0,1
2026-09-11,BK0975,磁悬浮概念,概念,4.16,155.2,-1.45,2.68,75.3,形成,5.0,25.0,2
2026-09-11,BK0909,降解塑料,概念,0.82,188.0,-2.24,0.44,75.2,形成,8.0,58.0,2
2026-09-11,BK1443,橡胶助剂,行业,-0.51,15.3,1.09,-3.33,75.1,撤退,1.0,1.0,0
2026-09-11,BK0480,航天航空,概念,-2.03,228.6,-0.52,-0.89,75.0,观察,18.0,38.0,0
2026-09-11,BK1562,人工景区,行业,0.38,21.8,-2.99,1.75,74.8,试探,1.0,4.0,1
2026-09-11,BK0818,可燃冰,概念,-0.13,17.0,-1.04,-0.77,74.7,观察,2.0,7.0,0
2026-09-11,BK1244,小家电,行业,0.44,25.4,-1.16,1.71,74.3,形成,5.0,19.0,3
2026-09-11,BK1300,院线,行业,-0.26,8.7,-1.07,-3.02,73.4,观察,1.0,3.0,0
2026-09-11,BK1134,算力概念,概念,21.27,2044.5,-1.38,1.04,73.4,形成,39.0,203.0,2
2026-09-11,BK1544,大宗用纸,行业,0.05,9.2,-1.65,0.54,73.2,观察,1.0,11.0,1
2026-09-11,BK0839,知识产权,概念,-0.75,146.0,-1.24,-0.52,73.2,观察,10.0,32.0,0
2026-09-11,BK1003,抽水蓄能,概念,-0.84,256.5,-0.66,-0.33,73.2,观察,10.0,31.0,0
2026-09-11,BK1574,油气开采Ⅲ,行业,1.0,46.4,-2.18,2.16,73.1,形成,0,5.0,3
2026-09-11,BK1276,油气开采Ⅱ,行业,1.0,46.4,-2.18,2.16,73.1,形成,0,5.0,3
2026-09-11,BK1251,个护用品,行业,0.51,14.1,-2.12,3.64,73.1,形成,2.0,11.0,3
2026-09-11,BK1374,风力发电,行业,-0.98,52.5,-0.53,-1.87,73.0,观察,4.0,12.0,0
2026-09-11,BK0427,公用事业,行业,-4.54,562.2,-0.95,-0.81,73.0,观察,36.0,102.0,0
2026-09-11,BK1556,教育运营及其他,行业,-0.55,15.1,-0.89,-3.63,72.9,撤退,1.0,1.0,0
2026-09-11,BK1394,轨交设备Ⅲ,行业,0.54,37.3,-1.56,1.45,72.6,形成,3.0,28.0,2
2026-09-11,BK1236,轨交设备Ⅱ,行业,0.54,37.3,-1.56,1.45,72.6,形成,3.0,28.0,2
2026-09-11,BK1721,高成长股,概念,9.05,1199.2,-2.17,0.75,72.5,形成,12.0,87.0,2
2026-09-11,BK0494,节能环保,概念,3.77,1309.1,-1.9,0.29,72.0,形成,43.0,377.0,2
2026-09-11,BK1397,磨具磨料,行业,-1.12,86.4,-1.43,-1.3,71.9,观察,2.0,12.0,0
2026-09-11,BK1082,噪声防治,概念,0.18,17.3,-1.74,1.03,71.2,形成,1.0,8.0,2
2026-09-11,BK0814,大飞机,概念,-3.13,435.8,-0.51,-0.72,71.1,观察,28.0,74.0,0
2026-09-11,BK1482,航运,行业,1.34,116.1,-2.95,1.15,70.7,形成,0,19.0,3
2026-09-11,BK1379,热力服务,行业,-1.23,51.7,-0.98,-2.38,70.5,观察,3.0,14.0,0
2026-09-11,BK1292,广告媒体,行业,0.1,6.4,-0.76,1.61,70.1,试探,0,2.0,1
2026-09-11,BK1370,特钢Ⅲ,行业,-0.11,19.4,-1.15,-0.55,70.1,观察,2.0,10.0,0
2026-09-11,BK1227,特钢Ⅱ,行业,-0.11,19.4,-1.15,-0.55,70.1,观察,2.0,10.0,0
2026-09-11,BK0699,全息技术,概念,-0.89,90.7,-0.16,-0.98,70.0,观察,2.0,8.0,0
2026-09-11,BK1743,券商金股,概念,5.89,1145.2,-1.73,0.51,69.9,形成,5.0,18.0,2
2026-09-11,BK1186,首发经济,概念,3.4,74.3,-2.07,4.58,69.5,试探,3.0,37.0,1
2026-09-11,BK1199,2025三季报预减,概念,-0.41,16.6,-0.64,-2.48,69.3,观察,2.0,6.0,0
2026-09-11,BK0946,EDA概念,概念,-0.54,59.1,-0.71,-0.91,69.3,观察,3.0,10.0,0
2026-09-11,BK1420,其他化学原料,行业,1.14,42.1,-2.08,2.7,69.1,形成,2.0,16.0,2
2026-09-11,BK1291,电视广播Ⅲ,行业,-0.05,17.0,-0.44,-0.27,69.1,观察,3.0,10.0,0
2026-09-11,BK1219,电视广播Ⅱ,行业,-0.05,17.0,-0.44,-0.27,69.1,观察,3.0,10.0,0
2026-09-11,BK1483,高速公路,行业,-0.37,16.7,-1.16,-2.19,69.1,观察,4.0,17.0,0
2026-09-11,BK1451,厨房电器,行业,1.54,9.0,-1.15,17.1,68.9,试探,1.0,5.0,1
2026-09-11,BK1296,视频媒体,行业,1.25,23.0,0.11,5.42,68.9,试探,1.0,0,1
2026-09-11,BK1460,照明设备Ⅲ,行业,0.12,11.0,-1.92,1.05,68.9,形成,2.0,12.0,2
2026-09-11,BK1245,照明设备Ⅱ,行业,0.12,11.0,-1.92,1.05,68.9,形成,2.0,12.0,2
2026-09-11,BK1208,建筑材料,行业,-1.48,340.9,-1.09,-0.43,68.7,观察,16.0,61.0,0
2026-09-11,BK0977,碳化硅,概念,-1.88,365.7,-0.94,-0.51,68.6,观察,11.0,36.0,0
2026-09-11,BK1521,摩托车,行业,0.12,9.7,-1.46,1.26,68.2,试探,1.0,8.0,1
2026-09-11,BK1384,航空装备Ⅲ,行业,-5.75,215.0,-0.37,-2.68,68.1,观察,17.0,32.0,0
2026-09-11,BK1231,航空装备Ⅱ,行业,-5.75,215.0,-0.37,-2.68,68.1,观察,17.0,32.0,0
2026-09-11,BK0803,股权转让,概念,-1.85,87.0,-1.59,-2.12,68.0,观察,10.0,30.0,0
2026-09-11,BK0490,军工,概念,-2.91,1766.5,-0.77,-0.16,67.9,观察,114.0,314.0,0
2026-09-11,BK1550,贸易Ⅲ,行业,-0.0,17.7,-2.02,-0.01,67.8,观察,2.0,12.0,0
2026-09-11,BK0484,贸易Ⅱ,行业,-0.0,17.7,-2.02,-0.01,67.8,观察,2.0,12.0,0
2026-09-11,BK0486,传媒,行业,-0.77,431.6,-0.74,-0.18,67.8,观察,24.0,97.0,0
2026-09-11,BK0936,长寿药,概念,0.01,21.9,-2.21,0.03,67.5,试探,3.0,12.0,1
2026-09-11,BK1350,其他纺织,行业,0.14,10.0,-2.0,1.41,67.4,试探,2.0,13.0,1
2026-09-11,BK1263,摩托车及其他,行业,-0.18,18.9,-1.54,-0.95,67.4,观察,4.0,16.0,0
2026-09-11,BK1576,调味发酵品Ⅲ,行业,0.54,45.2,-1.87,1.2,67.3,试探,3.0,11.0,1
2026-09-11,BK1278,调味发酵品Ⅱ,行业,0.54,45.2,-1.87,1.2,67.3,试探,3.0,11.0,1
2026-09-11,BK1143,空间计算,概念,1.9,52.5,-1.61,3.61,67.0,试探,1.0,22.0,1
2026-09-11,BK1142,裸眼3D,概念,-0.81,126.8,-0.55,-0.64,66.9,观察,3.0,19.0,0
2026-09-11,BK1401,纺织服装设备,行业,-0.42,16.2,-0.83,-2.56,66.8,观察,3.0,11.0,0
2026-09-11,BK0601,海工装备,概念,-2.49,688.8,-1.37,-0.36,66.7,观察,15.0,61.0,0
2026-09-11,BK0672,沪企改革,概念,1.08,83.5,-2.29,1.3,66.3,试探,2.0,36.0,1
2026-09-11,BK1490,原材料供应链服务,行业,-0.52,15.8,-1.63,-3.28,66.2,观察,2.0,10.0,0
2026-09-11,BK0715,航母概念,概念,-7.04,232.6,-0.39,-3.03,66.2,观察,13.0,19.0,0
2026-09-11,BK1310,配电设备,行业,0.02,33.5,-1.28,0.06,66.1,试探,6.0,22.0,1
2026-09-11,BK1377,火力发电,行业,-6.31,189.0,-0.96,-3.34,65.5,观察,8.0,23.0,0
2026-09-11,BK1522,其他运输设备,行业,-0.3,9.2,-1.61,-3.28,65.3,观察,3.0,8.0,0
2026-09-11,BK1018,橡胶,行业,-0.71,38.4,-1.96,-1.84,65.3,观察,3.0,20.0,0
2026-09-11,BK0866,人造肉,概念,-0.77,62.7,-2.31,-1.23,65.3,观察,3.0,15.0,0
2026-09-11,BK1533,塑料包装,行业,0.28,18.5,-1.54,1.52,65.1,试探,1.0,8.0,1
2026-09-11,BK0807,共享经济,概念,-0.28,27.2,-1.67,-1.01,65.1,观察,3.0,17.0,0
2026-09-11,BK1573,油田服务,行业,0.81,31.2,-3.11,2.59,65.0,试探,0,8.0,1
2026-09-11,BK1619,其他金属新材料,行业,-0.21,59.2,-1.39,-0.36,65.0,观察,3.0,18.0,0
2026-09-11,BK0886,智慧政务,概念,5.34,198.7,-1.74,2.69,65.0,试探,10.0,81.0,1
2026-09-11,BK1475,国际工程,行业,-0.12,6.3,-0.95,-1.95,64.9,观察,0,3.0,0
2026-09-11,BK1172,AI语料,概念,-1.15,189.6,-0.75,-0.6,64.9,观察,11.0,25.0,0
2026-09-11,BK1636,红利破净股,概念,-3.0,236.3,-0.97,-1.27,64.7,观察,7.0,32.0,0
2026-09-11,BK0954,盲盒经济,概念,0.78,53.6,-1.54,1.45,64.5,试探,3.0,10.0,1
2026-09-11,BK1541,卫浴制品,行业,0.55,10.8,-1.61,5.09,64.3,试探,1.0,6.0,1
2026-09-11,BK0812,贬值受益,概念,2.38,1016.9,-1.99,0.23,64.2,形成,24.0,166.0,2
2026-09-11,BK1016,汽车服务,行业,-0.03,7.1,-2.05,-0.42,63.8,观察,0,9.0,0
2026-09-11,BK0450,航运港口,行业,-0.65,148.3,-2.49,-0.44,63.8,观察,1.0,34.0,0
2026-09-11,BK0979,低碳冶金,概念,-0.06,14.4,-2.04,-0.43,63.7,观察,0,6.0,0
2026-09-11,BK1053,低价股,概念,-4.54,288.2,-1.72,-1.57,63.7,观察,27.0,163.0,0
2026-09-11,BK0994,空间站概念,概念,-1.9,66.9,-0.87,-2.84,63.6,观察,5.0,19.0,0
2026-09-11,BK1512,生猪养殖,行业,-0.01,45.8,-1.71,-0.01,63.4,观察,1.0,10.0,0
2026-09-11,BK1023,培育钻石,概念,-4.26,150.8,-2.1,-2.82,63.2,观察,5.0,15.0,0
2026-09-11,BK0729,船舶制造,概念,-5.07,164.4,-1.46,-3.08,63.1,观察,2.0,13.0,0
2026-09-11,BK1529,汽车电子电气系统,行业,-0.05,69.2,-1.59,-0.07,62.8,观察,6.0,35.0,0
2026-09-11,BK1283,银行,行业,-3.95,306.3,-1.09,-1.29,62.6,观察,6.0,35.0,0
2026-09-11,BK0475,银行Ⅱ,行业,-3.95,306.3,-1.09,-1.29,62.6,观察,6.0,35.0,0
2026-09-11,BK1006,碳基材料,概念,-1.49,79.7,-1.94,-1.87,62.6,观察,4.0,17.0,0
2026-09-11,BK0925,北交所概念,概念,-1.6,110.1,-1.91,-1.45,62.6,观察,4.0,21.0,0
2026-09-11,BK0856,工业大麻,概念,-1.21,55.4,-1.64,-2.18,62.2,观察,5.0,29.0,0
2026-09-11,BK1524,汽车综合服务,行业,-0.0,5.3,-2.33,-0.08,62.0,观察,0,3.0,0
2026-09-11,BK1402,楼宇设备,行业,-0.01,10.8,-2.52,-0.06,62.0,观察,2.0,14.0,0
2026-09-11,BK1470,房屋建设Ⅲ,行业,-0.98,24.8,-1.43,-3.94,62.0,观察,1.0,7.0,0
2026-09-11,BK1246,房屋建设Ⅱ,行业,-0.98,24.8,-1.43,-3.94,62.0,观察,1.0,7.0,0
2026-09-11,BK0877,PCB,概念,-40.23,2501.3,-0.33,-1.61,62.0,观察,65.0,134.0,0
2026-09-11,BK1478,装修装饰Ⅲ,行业,-1.18,31.0,-1.77,-3.82,61.9,观察,4.0,17.0,0
2026-09-11,BK0725,装修装饰Ⅱ,行业,-1.18,31.0,-1.77,-3.82,61.9,观察,4.0,17.0,0
2026-09-11,BK1024,绿色电力,概念,-12.23,737.4,-0.8,-1.66,61.9,观察,47.0,127.0,0
2026-09-11,BK1352,非运动服装,行业,0.19,33.7,-2.27,0.58,61.8,试探,3.0,36.0,1
2026-09-11,BK1058,地下管网,概念,-1.42,74.1,-1.51,-1.92,61.8,观察,7.0,49.0,0
2026-09-11,BK1288,金属新材料,行业,-0.65,94.2,-1.51,-0.69,61.7,观察,4.0,31.0,0
2026-09-11,BK0950,草甘膦,概念,-0.95,51.0,-2.72,-1.87,61.7,观察,1.0,12.0,0
2026-09-11,BK1609,城商行Ⅲ,行业,-0.98,72.8,-1.32,-1.35,61.6,观察,0,17.0,0
2026-09-11,BK0740,教育,行业,-1.65,35.4,-1.42,-4.65,61.6,观察,3.0,13.0,0
2026-09-11,BK1660,光纤概念,概念,-17.17,1666.0,0.52,-1.03,61.5,观察,31.0,50.0,0
2026-09-11,BK1540,其他家居用品,行业,-0.17,14.6,-1.87,-1.16,61.4,观察,5.0,19.0,0
2026-09-11,BK0708,体育产业,概念,-0.24,126.7,-1.94,-0.19,61.2,观察,13.0,64.0,0
2026-09-11,BK1080,新型城镇化,概念,-0.81,142.4,-1.93,-0.57,61.2,观察,13.0,92.0,0
2026-09-11,BK1390,水务及水治理,行业,-0.79,47.5,-1.94,-1.66,60.8,观察,6.0,45.0,0
2026-09-11,BK1068,净水概念,概念,-1.71,53.0,-1.39,-3.22,60.7,观察,3.0,18.0,0
2026-09-11,BK1618,磁性材料,行业,-0.43,35.0,-1.68,-1.24,60.3,观察,1.0,13.0,0
2026-09-11,BK1454,其他黑色家电,行业,-0.26,6.5,-2.07,-3.98,60.2,观察,1.0,4.0,0
2026-09-11,BK1538,瓷砖地板,行业,-0.56,19.6,-2.42,-2.83,60.0,观察,2.0,10.0,0
2026-09-11,BK1476,化学工程,行业,-0.76,8.6,-1.2,-8.9,60.0,观察,2.0,4.0,0
2026-09-11,BK0914,医废处理,概念,-1.88,41.0,-1.26,-4.58,60.0,观察,5.0,26.0,0
2026-09-11,BK0963,商业航天,概念,-9.06,1743.9,-0.89,-0.52,60.0,观察,72.0,248.0,0
2026-09-11,BK1577,啤酒,行业,-0.12,6.1,-1.67,-2.01,59.9,观察,1.0,6.0,0
2026-09-11,BK1267,造纸,行业,-0.87,26.0,-1.55,-3.34,59.9,观察,3.0,22.0,0
2026-09-11,BK1642,微利股,概念,-1.58,206.6,-2.27,-0.77,59.9,观察,13.0,86.0,0
2026-09-11,BK1585,乳品,行业,1.11,30.6,-3.01,3.61,59.6,试探,2.0,17.0,1
2026-09-11,BK1473,园林工程,行业,0.07,11.2,-2.44,0.67,59.6,试探,2.0,14.0,1
2026-09-11,BK1268,互联网电商,行业,-0.23,24.7,-1.72,-0.92,59.6,观察,3.0,15.0,0
2026-09-11,BK1612,农商行Ⅲ,行业,-0.28,25.5,-2.07,-1.11,59.6,观察,0,10.0,0
2026-09-11,BK1385,航天装备Ⅲ,行业,-1.31,38.6,-0.83,-3.38,59.6,观察,1.0,8.0,0
2026-09-11,BK1232,航天装备Ⅱ,行业,-1.31,38.6,-0.83,-3.38,59.6,观察,1.0,8.0,0
2026-09-11,BK0901,3D摄像头,概念,-1.28,92.1,-0.92,-1.39,59.6,观察,3.0,6.0,0
2026-09-11,BK1098,生物质能发电,概念,-1.88,56.4,-1.8,-3.34,59.6,观察,4.0,29.0,0
2026-09-11,BK0926,湖北自贸,概念,-8.85,261.0,-1.44,-3.39,59.6,观察,5.0,23.0,0
2026-09-11,BK1552,超市,行业,-0.59,48.1,-4.73,-1.22,59.4,观察,0,7.0,0
2026-09-11,BK0996,毛发医疗,概念,-0.91,33.4,-2.04,-2.71,59.3,观察,3.0,17.0,0
2026-09-11,BK1279,非白酒,行业,-0.32,18.8,-1.77,-1.68,59.2,观察,2.0,15.0,0
2026-09-11,BK1151,短剧互动游戏,概念,-1.32,236.0,-0.91,-0.56,59.1,观察,10.0,36.0,0
2026-09-11,BK1336,其他电子Ⅲ,行业,-5.07,173.8,-0.92,-2.92,58.8,观察,5.0,28.0,0
2026-09-11,BK1223,其他电子Ⅱ,行业,-5.07,173.8,-0.92,-2.92,58.8,观察,5.0,28.0,0
2026-09-11,BK1480,机场,行业,0.02,7.7,-2.09,0.28,58.7,试探,0,5.0,1
2026-09-11,BK0622,地热能,概念,-2.82,48.4,-1.62,-5.84,58.6,观察,2.0,7.0,0
2026-09-11,BK1630,昨日首板,概念,-11.92,376.5,0.92,-3.16,58.6,观察,14.0,16.0,0
2026-09-11,BK1578,其他酒类,行业,-0.19,12.7,-1.83,-1.52,58.3,观察,1.0,9.0,0
2026-09-11,BK1392,工程机械器件,行业,0.07,9.2,-2.08,0.79,58.2,试探,1.0,11.0,1
2026-09-11,BK1474,钢结构,行业,-0.28,9.5,-2.13,-2.94,58.2,观察,1.0,9.0,0
2026-09-11,BK0421,铁路公路,行业,-1.21,38.8,-1.55,-3.13,58.2,观察,4.0,32.0,0
2026-09-11,BK1116,抗菌面料,概念,-0.53,20.8,-2.1,-2.54,58.0,观察,1.0,15.0,0
2026-09-11,BK1345,商业地产,行业,0.07,12.5,-2.2,0.54,57.9,试探,0,12.0,1
2026-09-11,BK1050,昨日涨停_含一字,概念,-14.22,488.7,1.02,-2.91,57.7,观察,20.0,20.0,0
2026-09-11,BK1294,门户网站,行业,-0.68,34.4,-1.42,-1.99,57.6,观察,2.0,7.0,0
2026-09-11,BK1008,国资云概念,概念,-0.64,119.2,-0.79,-0.53,57.5,观察,3.0,17.0,0
2026-09-11,BK0815,昨日涨停,概念,-14.57,487.7,0.8,-2.99,57.5,观察,19.0,20.0,0
2026-09-11,BK1163,可控核聚变,概念,-10.41,709.6,-1.14,-1.47,57.4,观察,19.0,72.0,0
2026-09-11,BK0685,举牌,概念,-0.32,19.8,-1.82,-1.6,57.3,观察,1.0,15.0,0
2026-09-11,BK0801,增强现实,概念,-4.88,211.6,-1.36,-2.31,57.2,观察,7.0,37.0,0
2026-09-11,BK1545,特种纸,行业,-0.92,16.9,-1.46,-5.46,57.1,观察,2.0,11.0,0
2026-09-11,BK1713,科技风格,概念,-28.35,3750.9,-0.42,-0.76,57.1,观察,34.0,65.0,0
2026-09-11,BK0509,网络游戏,概念,-2.05,285.5,-1.31,-0.72,57.0,观察,10.0,55.0,0
2026-09-11,BK1647,电网概念,概念,-4.85,922.7,-1.17,-0.53,57.0,观察,44.0,182.0,0
2026-09-11,BK1051,昨日连板_含一字,概念,-4.69,77.0,0.38,-6.1,56.9,观察,5.0,4.0,0
2026-09-11,BK1282,饮料乳品,行业,0.9,44.8,-3.0,2.01,56.8,试探,2.0,25.0,1
2026-09-11,BK1486,仓储物流,行业,-0.1,5.2,-3.03,-2.03,56.8,观察,0,6.0,0
2026-09-11,BK0655,网络安全,概念,-0.94,706.1,-1.08,-0.13,56.8,观察,25.0,108.0,0
2026-09-11,BK0454,塑料,行业,-2.37,184.1,-1.67,-1.28,56.7,观察,13.0,64.0,0
2026-09-11,BK0456,家用电器,行业,-3.09,197.0,-1.68,-1.57,56.7,观察,17.0,88.0,0
2026-09-11,BK0733,包装材料,概念,-1.0,36.3,-1.62,-2.77,56.7,观察,2.0,26.0,0
2026-09-11,BK1183,谷子经济,概念,-4.68,207.9,-1.46,-2.25,56.6,观察,14.0,66.0,0
2026-09-11,BK0718,证金持股,概念,-9.11,387.4,-0.73,-2.35,56.6,观察,9.0,25.0,0
2026-09-11,BK0493,新能源,概念,-12.91,1045.5,-1.3,-1.24,56.6,观察,38.0,176.0,0
2026-09-11,BK1638,最近多板,概念,-16.91,1118.5,-1.47,-1.51,56.4,观察,33.0,55.0,0
2026-09-11,BK1014,发电机概念,概念,-1.09,28.8,-1.99,-3.78,56.3,观察,2.0,21.0,0
2026-09-11,BK1086,粮食概念,概念,-2.56,212.2,-2.97,-1.21,56.2,观察,3.0,34.0,0
2026-09-11,BK0704,无人机,概念,-10.29,945.3,-1.0,-1.09,56.2,观察,51.0,179.0,0
2026-09-11,BK1610,股份制银行Ⅲ,行业,-3.76,93.3,-0.56,-4.03,56.0,观察,1.0,8.0,0
2026-09-11,BK0581,智能电网,概念,-3.63,688.2,-1.18,-0.53,55.9,观察,36.0,164.0,0
2026-09-11,BK0816,昨日连板,概念,-5.04,76.0,-0.83,-6.64,55.7,观察,4.0,4.0,0
2026-09-11,BK1240,厨卫电器,行业,-0.08,17.1,-2.37,-0.47,55.6,观察,1.0,8.0,0
2026-09-11,BK1349,棉纺,行业,-0.26,6.2,-1.74,-4.18,55.6,观察,2.0,6.0,0
2026-09-11,BK1210,交通运输,行业,-5.24,282.7,-2.07,-1.85,55.5,观察,9.0,123.0,0
2026-09-11,BK1224,纺织制造,行业,-0.31,24.3,-1.88,-1.29,55.4,观察,5.0,27.0,0
2026-09-11,BK0511,ST股,概念,-6.34,129.1,-0.71,-4.91,55.1,观察,50.0,147.0,0
2026-09-11,BK1649,油气资源,概念,-7.42,484.8,-2.13,-1.53,55.0,观察,15.0,141.0,0
2026-09-11,BK1054,DRG/DIP,概念,-0.81,24.8,-1.09,-3.27,54.7,观察,1.0,18.0,0
2026-09-11,BK1332,电子化学品Ⅲ,行业,-6.89,255.2,-1.43,-2.7,54.6,观察,5.0,32.0,0
2026-09-11,BK1039,电子化学品Ⅱ,行业,-6.89,255.2,-1.43,-2.7,54.6,观察,5.0,32.0,0
2026-09-11,BK1493,动力煤,行业,-1.75,102.3,-2.58,-1.71,54.5,观察,1.0,16.0,0
2026-09-11,BK1343,物业管理,行业,-0.37,7.7,-2.35,-4.81,54.4,观察,2.0,10.0,0
2026-09-11,BK1459,清洁小家电,行业,-0.73,13.2,-0.8,-5.57,54.2,观察,3.0,6.0,0
2026-09-11,BK0982,电子车牌,概念,-0.68,20.0,-1.03,-3.39,54.1,观察,1.0,15.0,0
2026-09-11,BK1463,水泥制品,行业,-0.09,5.7,-2.94,-1.56,53.9,观察,0,9.0,0
2026-09-11,BK1436,农药,行业,-0.96,55.1,-2.87,-1.74,53.9,观察,3.0,31.0,0
2026-09-11,BK0597,水利建设,概念,-5.96,439.4,-1.56,-1.36,53.9,观察,17.0,96.0,0
2026-09-11,BK0865,电子烟,概念,-9.96,347.2,-1.48,-2.87,53.9,观察,10.0,43.0,0
2026-09-11,BK1387,环保设备Ⅲ,行业,-0.21,29.9,-2.32,-0.71,53.8,观察,3.0,23.0,0
2026-09-11,BK1234,环保设备Ⅱ,行业,-0.21,29.9,-2.32,-0.71,53.8,观察,3.0,23.0,0
2026-09-11,BK0838,东北振兴,概念,-1.26,183.5,-2.38,-0.69,53.8,观察,4.0,51.0,0
2026-09-11,BK1365,租赁,行业,-0.14,7.0,-1.95,-1.97,53.7,观察,0,3.0,0
2026-09-11,BK1419,煤化工,行业,-0.48,62.2,-3.81,-0.78,53.7,观察,0,10.0,0
2026-09-11,BK1190,虚拟机器人,概念,3.01,217.1,-2.65,1.39,53.6,试探,1.0,15.0,1
2026-09-11,BK1579,保健品,行业,0.01,5.5,-2.42,0.22,53.5,试探,1.0,8.0,1
2026-09-11,BK1309,电网自动化设备,行业,-1.32,52.0,-1.8,-2.53,53.5,观察,4.0,26.0,0
2026-09-11,BK0811,超级品牌,概念,-4.41,221.9,-1.23,-1.99,53.5,观察,7.0,25.0,0
2026-09-11,BK1580,肉制品,行业,-0.3,15.4,-2.22,-1.94,53.3,观察,1.0,6.0,0
2026-09-11,BK0422,物流,行业,-1.62,56.3,-2.21,-2.89,53.3,观察,4.0,43.0,0
2026-09-11,BK1641,红利股,概念,-8.46,471.5,-1.35,-1.79,53.3,观察,13.0,86.0,0
2026-09-11,BK0957,拼多多概念,概念,-0.86,43.6,-1.71,-1.97,53.2,观察,4.0,24.0,0
2026-09-11,BK0606,油气设服,概念,-2.48,185.8,-2.04,-1.33,53.2,观察,7.0,46.0,0
2026-09-11,BK1002,激光雷达,概念,-16.32,391.8,-1.28,-4.17,53.2,观察,9.0,34.0,0
2026-09-11,BK1087,超超临界发电,概念,-6.66,149.6,-1.26,-4.45,53.1,观察,6.0,39.0,0
2026-09-11,BK0961,有机硅概念,概念,-1.44,110.7,-2.2,-1.3,52.9,观察,4.0,34.0,0
2026-09-11,BK0617,石墨烯,概念,-3.61,392.3,-2.12,-0.92,52.8,观察,10.0,61.0,0
2026-09-11,BK1654,文娱消费,概念,-7.19,363.1,-1.35,-1.98,52.8,观察,16.0,76.0,0
2026-09-11,BK1485,铁路运输,行业,-0.51,15.4,-1.58,-3.31,52.7,观察,0,7.0,0
2026-09-11,BK1139,中特估,概念,-17.96,698.7,-1.08,-2.57,52.7,观察,17.0,61.0,0
2026-09-11,BK0684,京津冀,概念,-2.95,133.8,-2.36,-2.2,52.6,观察,3.0,57.0,0
2026-09-11,BK1640,价值股,概念,-8.35,412.5,-1.39,-2.02,52.6,观察,12.0,85.0,0
2026-09-11,BK0965,社区团购,概念,-2.57,97.5,-2.97,-2.63,52.5,观察,4.0,34.0,0
2026-09-11,BK1108,科创板做市股,概念,-1.26,252.6,-1.95,-0.5,52.4,观察,6.0,39.0,0
2026-09-11,BK1699,股权分散,概念,-5.73,1175.5,-1.53,-0.49,52.4,观察,38.0,190.0,0
2026-09-11,BK1316,光伏辅材,行业,-1.41,29.0,-1.9,-4.85,52.3,观察,1.0,18.0,0
2026-09-11,BK0960,无线充电,概念,-6.5,267.6,-0.91,-2.43,52.3,观察,10.0,32.0,0
2026-09-11,BK1607,医药流通,行业,-0.41,21.8,-1.98,-1.89,52.1,观察,1.0,23.0,0
2026-09-11,BK0843,天然气,概念,-10.12,459.5,-2.32,-2.2,52.1,观察,11.0,119.0,0
2026-09-11,BK0861,数字孪生,概念,-1.09,182.4,-1.66,-0.59,52.0,观察,9.0,87.0,0
2026-09-11,BK1566,检测服务,行业,-0.7,21.8,-1.83,-3.21,51.9,观察,3.0,20.0,0
2026-09-11,BK1665,大盘成长,概念,-39.26,3172.1,-0.87,-1.24,51.9,观察,23.0,78.0,0
2026-09-11,BK1389,固废治理,行业,-1.76,46.3,-1.83,-3.79,51.8,观察,2.0,33.0,0
2026-09-11,BK1367,板材,行业,-0.81,34.4,-2.61,-2.36,51.7,观察,0,17.0,0
2026-09-11,BK0632,土地流转,概念,-1.74,156.1,-3.33,-1.12,51.7,观察,2.0,43.0,0
2026-09-11,BK0692,旅游概念,概念,-4.06,184.5,-2.5,-2.2,51.7,观察,10.0,53.0,0
2026-09-11,BK1681,2026一季报预减,概念,-1.9,55.6,-1.76,-3.41,51.6,观察,1.0,11.0,0
2026-09-11,BK1635,长期破净,概念,-7.78,496.4,-1.75,-1.57,51.5,观察,17.0,171.0,0
2026-09-11,BK0875,ETC,概念,-3.75,95.1,-1.46,-3.94,51.4,观察,5.0,35.0,0
2026-09-11,BK1752,2026中报预减,概念,-12.75,504.0,-1.91,-2.53,51.4,观察,29.0,184.0,0
2026-09-11,BK0902,MiniLED,概念,-20.46,544.6,-0.99,-3.76,51.4,观察,15.0,52.0,0
2026-09-11,BK1494,焦煤,行业,-0.29,31.2,-2.71,-0.91,51.2,观察,0,10.0,0
2026-09-11,BK1537,成品家居,行业,-0.5,11.7,-1.86,-4.27,51.2,观察,2.0,15.0,0
2026-09-11,BK0457,电网设备,行业,-5.72,415.5,-1.42,-1.38,51.2,观察,24.0,117.0,0
2026-09-11,BK1517,食用菌,行业,-0.14,7.0,-3.87,-2.02,51.1,观察,0,4.0,0
2026-09-11,BK1250,煤炭开采,行业,-2.03,133.5,-2.63,-1.52,51.1,观察,1.0,26.0,0
2026-09-11,BK1557,培训教育,行业,-1.09,17.6,-1.54,-6.2,51.0,观察,2.0,10.0,0
2026-09-11,BK1079,户外露营,概念,-0.59,37.6,-2.26,-1.57,51.0,观察,1.0,33.0,0
2026-09-11,BK1275,油服工程,行业,-0.64,62.6,-3.62,-1.02,50.8,观察,0,14.0,0
2026-09-11,BK1226,普钢,行业,-0.93,40.0,-2.68,-2.32,50.8,观察,0,23.0,0
2026-09-11,BK1693,近期摘帽,概念,-2.27,119.2,-1.76,-1.91,50.8,观察,16.0,55.0,0
2026-09-11,BK1073,啤酒概念,概念,-2.95,60.8,-2.6,-4.86,50.8,观察,2.0,17.0,0
2026-09-11,BK1551,百货,行业,-3.27,74.8,-3.27,-4.38,50.7,观察,1.0,18.0,0
2026-09-11,BK1417,纯碱,行业,0.26,9.8,-3.86,2.65,50.4,试探,0,5.0,1
2026-09-11,BK1158,微盘股,概念,-0.31,216.4,-2.72,-0.14,50.4,观察,10.0,389.0,0
2026-09-11,BK0671,彩票概念,概念,-0.58,38.7,-1.52,-1.5,50.4,观察,1.0,18.0,0
2026-09-11,BK1048,IGBT概念,概念,-8.0,245.3,-0.9,-3.26,50.4,观察,7.0,35.0,0
2026-09-11,BK0577,核能核电,概念,-18.44,815.6,-1.36,-2.26,50.4,观察,31.0,179.0,0
2026-09-11,BK0990,快递概念,概念,-1.23,55.7,-2.25,-2.21,50.3,观察,1.0,39.0,0
2026-09-11,BK0724,海绵城市,概念,-1.59,53.4,-2.01,-2.98,50.3,观察,3.0,33.0,0
2026-09-11,BK0470,造纸印刷,概念,-1.39,38.2,-1.89,-3.63,50.2,观察,4.0,36.0,0
2026-09-11,BK1509,水产饲料,行业,-0.34,8.8,-3.95,-3.91,50.1,观察,0,4.0,0
2026-09-11,BK1466,管材,行业,-0.46,7.8,-1.94,-5.87,50.1,观察,1.0,6.0,0
2026-09-11,BK0677,粤港自贸,概念,-3.1,192.5,-1.95,-1.61,50.1,观察,12.0,77.0,0
2026-09-11,BK0873,垃圾分类,概念,-2.8,117.4,-1.91,-2.38,50.0,观察,12.0,84.0,0
2026-09-11,BK1528,其他汽车零部件,行业,-1.35,61.7,-1.93,-2.19,49.8,观察,8.0,48.0,0
2026-09-11,BK1481,港口,行业,-1.99,32.2,-1.96,-6.19,49.8,观察,1.0,15.0,0
2026-09-11,BK1119,PLC概念,概念,-1.16,35.9,-1.4,-3.22,49.8,观察,2.0,8.0,0
2026-09-11,BK1121,第四代半导体,概念,-1.2,17.8,-1.54,-6.7,49.8,观察,0,4.0,0
2026-09-11,BK0940,网红经济,概念,-2.46,332.1,-1.92,-0.74,49.8,观察,17.0,113.0,0
2026-09-11,BK1026,调味品概念,概念,-2.64,112.1,-3.0,-2.36,49.8,观察,3.0,28.0,0
2026-09-11,BK0603,页岩气,概念,-3.31,118.4,-1.97,-2.8,49.8,观察,2.0,30.0,0
2026-09-11,BK1364,资产管理,行业,-0.03,7.2,-3.62,-0.45,49.6,观察,0,4.0,0
2026-09-11,BK1438,合成树脂,行业,-1.07,25.7,-1.93,-4.16,49.6,观察,1.0,12.0,0
2026-09-11,BK1328,集成电路封测,行业,-9.17,173.7,-1.65,-5.28,49.6,观察,2.0,11.0,0
2026-09-11,BK0888,农业种植,概念,-3.77,308.9,-3.11,-1.22,49.6,观察,7.0,80.0,0
2026-09-11,BK0897,IPv6,概念,-7.08,161.3,-0.84,-4.39,49.6,观察,3.0,9.0,0
2026-09-11,BK1563,自然景区,行业,-3.24,41.0,-2.59,-7.89,49.5,观察,2.0,11.0,0
2026-09-11,BK0458,仪器仪表,行业,-4.07,142.0,-1.8,-2.87,49.5,观察,9.0,56.0,0
2026-09-11,BK0464,石油石化,行业,-4.08,230.9,-3.26,-1.77,49.5,观察,1.0,48.0,0
2026-09-11,BK1150,新型工业化,概念,-7.21,393.9,-1.44,-1.83,49.5,观察,20.0,90.0,0
2026-09-11,BK1542,文化用品,行业,0.04,5.0,-3.14,0.78,49.4,试探,0,5.0,1
2026-09-11,BK1225,服装家纺,行业,-0.29,51.9,-2.38,-0.56,49.4,观察,3.0,57.0,0
2026-09-11,BK0479,钢铁,行业,-2.16,83.4,-2.52,-2.59,49.4,观察,2.0,43.0,0
2026-09-11,BK1662,权重股,概念,-21.83,2012.9,-0.62,-1.08,49.4,观察,16.0,33.0,0
2026-09-11,BK1315,光伏电池组件,行业,-0.97,44.8,-2.06,-2.17,49.3,观察,2.0,20.0,0
2026-09-11,BK1464,水泥制造,行业,-1.41,20.3,-1.74,-6.93,49.3,观察,2.0,12.0,0
2026-09-11,BK0629,卫星导航,概念,-9.09,208.9,-1.06,-4.35,49.3,观察,18.0,60.0,0
2026-09-11,BK0915,WiFi,概念,-12.54,273.9,-0.57,-4.58,49.3,观察,8.0,24.0,0
2026-09-11,BK1505,其他农产品加工,行业,-1.64,59.3,-4.94,-2.77,49.2,观察,0,13.0,0
2026-09-11,BK0700,充电桩,概念,-22.09,1170.4,-1.27,-1.89,49.2,观察,49.0,209.0,0
2026-09-11,BK1337,品牌消费电子,行业,-0.34,23.5,-1.46,-1.44,49.1,观察,1.0,10.0,0
2026-09-11,BK0958,虚拟电厂,概念,-6.03,167.0,-1.43,-3.61,49.1,观察,11.0,64.0,0
2026-09-11,BK1059,百元股,概念,-115.65,4462.3,-1.32,-2.59,49.1,观察,44.0,161.0,0
2026-09-11,BK1201,电子,行业,-99.93,4886.2,-1.1,-2.05,48.9,观察,97.0,420.0,0
2026-09-11,BK0440,家居用品,行业,-1.91,71.2,-2.19,-2.69,48.7,观察,11.0,65.0,0
2026-09-11,BK0736,通信服务,行业,-3.09,101.8,-1.38,-3.04,48.7,观察,4.0,32.0,0
2026-09-11,BK1531,商用载客车,行业,-0.12,8.9,-2.64,-1.35,48.6,观察,0,5.0,0
2026-09-11,BK1042,医药商业,行业,-0.54,30.7,-2.18,-1.76,48.6,观察,1.0,31.0,0
2026-09-11,BK0505,中字头,概念,-22.83,770.6,-1.59,-2.96,48.6,观察,15.0,86.0,0
2026-09-11,BK1035,美容护理,行业,-0.53,36.1,-2.32,-1.47,48.5,观察,3.0,30.0,0
2026-09-11,BK1272,旅游及景区,行业,-3.98,77.4,-2.93,-5.14,48.5,观察,4.0,23.0,0
2026-09-11,BK1722,高市净率,概念,-28.98,2886.7,-1.83,-1.0,48.5,观察,33.0,167.0,0
2026-09-11,BK1412,氨纶,行业,0.1,5.3,-5.66,1.96,48.4,形成,0,1.0,2
2026-09-11,BK1383,航海装备Ⅲ,行业,-6.68,128.7,-2.16,-5.19,48.4,撤退,0,10.0,0
2026-09-11,BK1230,航海装备Ⅱ,行业,-6.68,128.7,-2.16,-5.19,48.4,撤退,0,10.0,0
2026-09-11,BK0437,煤炭,行业,-3.93,158.4,-2.98,-2.48,48.3,观察,1.0,33.0,0
2026-09-11,BK0619,3D打印,概念,-10.5,585.4,-1.88,-1.79,48.2,观察,10.0,73.0,0
2026-09-11,BK1327,分立器件,行业,-6.78,194.4,-1.89,-3.49,48.0,观察,2.0,16.0,0
2026-09-11,BK0664,婴童概念,概念,-2.17,205.6,-2.26,-1.05,48.0,观察,16.0,142.0,0
2026-09-11,BK0600,参股新三板,概念,-5.66,327.9,-1.54,-1.73,48.0,观察,13.0,91.0,0
2026-09-11,BK1161,英伟达概念,概念,-18.02,685.4,-1.36,-2.63,47.8,观察,11.0,55.0,0
2026-09-11,BK1491,端到端供应链服务,行业,-0.22,5.2,-3.1,-4.17,47.7,观察,0,7.0,0
2026-09-11,BK1513,海洋捕捞,行业,-0.65,8.4,-3.99,-7.74,47.7,观察,0,2.0,0
2026-09-11,BK1323,综合电力设备商,行业,-1.34,13.3,-1.73,-10.03,47.7,观察,0,2.0,0
2026-09-11,BK1627,综合Ⅲ,行业,-2.79,52.8,-2.28,-5.28,47.7,观察,1.0,21.0,0
2026-09-11,BK1217,综合,行业,-2.79,52.8,-2.28,-5.28,47.7,观察,1.0,21.0,0
2026-09-11,BK0539,综合Ⅱ,行业,-2.79,52.8,-2.28,-5.28,47.7,观察,1.0,21.0,0
2026-09-11,BK0482,一般零售,行业,-5.68,165.3,-3.34,-3.44,47.7,观察,2.0,58.0,0
2026-09-11,BK1553,多业态零售,行业,-0.61,21.6,-3.55,-2.84,47.6,观察,0,16.0,0
2026-09-11,BK1723,低市净率,概念,-7.1,515.9,-2.06,-1.38,47.6,观察,12.0,186.0,0
2026-09-11,BK0623,海洋经济,概念,-13.11,663.4,-2.29,-1.98,47.6,观察,13.0,99.0,0
2026-09-11,BK1235,环境治理,行业,-3.34,112.9,-1.85,-2.96,47.4,观察,11.0,97.0,0
2026-09-11,BK1072,中俄贸易概念,概念,-4.17,135.1,-2.14,-3.08,47.4,观察,8.0,75.0,0
2026-09-11,BK1017,资源开采概念,概念,-1.82,134.4,-3.28,-1.35,47.3,观察,0,26.0,0
2026-09-11,BK1597,血液制品,行业,-0.09,6.6,-3.05,-1.34,47.2,观察,0,6.0,0
2026-09-11,BK1514,水产养殖,行业,-0.34,5.9,-3.51,-5.73,47.0,观察,0,4.0,0
2026-09-11,BK0984,华为汽车,概念,-4.71,300.0,-1.65,-1.57,46.9,观察,15.0,108.0,0
2026-09-11,BK1645,昨日打二板以上表现,概念,-4.94,83.0,-4.14,-5.95,46.9,观察,2.0,5.0,0
2026-09-11,BK0674,蓝宝石,概念,-8.72,244.7,-1.34,-3.56,46.9,观察,2.0,16.0,0
2026-09-11,BK0728,环保,行业,-3.55,142.8,-1.94,-2.49,46.8,观察,14.0,120.0,0
2026-09-11,BK0882,猪肉概念,概念,-1.66,95.6,-2.6,-1.74,46.8,观察,2.0,37.0,0
2026-09-11,BK1680,2026一季报预增,概念,-36.04,1229.3,-1.74,-2.93,46.8,观察,21.0,89.0,0
2026-09-11,BK1209,建筑装饰,行业,-11.94,295.8,-1.97,-4.04,46.7,观察,18.0,138.0,0
2026-09-11,BK0880,UWB概念,概念,-8.54,135.0,-1.13,-6.33,46.7,观察,3.0,16.0,0
2026-09-11,BK1527,轮胎轮毂,行业,-0.62,20.6,-1.74,-3.0,46.6,观察,1.0,20.0,0
2026-09-11,BK0805,钛白粉概念,概念,-0.72,30.9,-2.86,-2.34,46.5,观察,1.0,11.0,0
2026-09-11,BK1070,土壤修复,概念,-1.5,46.9,-2.09,-3.19,46.4,观察,5.0,30.0,0
2026-09-11,BK1043,专业服务,行业,-0.95,27.8,-2.03,-3.41,46.3,观察,3.0,30.0,0
2026-09-11,BK1535,纸包装,行业,-1.12,20.1,-1.85,-5.54,46.2,观察,2.0,19.0,0
2026-09-11,BK1001,内贸流通,概念,-10.12,360.5,-2.62,-2.81,46.2,观察,14.0,147.0,0
2026-09-11,BK0952,第三代半导体,概念,-27.57,855.4,-1.39,-3.22,46.2,观察,16.0,106.0,0
2026-09-11,BK1429,食品及饲料添加剂,行业,-1.71,35.5,-2.71,-4.83,46.1,观察,2.0,23.0,0
2026-09-11,BK1256,农产品加工,行业,-4.78,119.8,-3.57,-3.99,46.0,观察,2.0,25.0,0
2026-09-11,BK1260,渔业,行业,-0.99,14.3,-3.72,-6.91,45.9,观察,0,6.0,0
2026-09-11,BK1259,养殖业,行业,-0.89,61.8,-2.55,-1.44,45.8,观察,1.0,21.0,0
2026-09-11,BK1441,其他橡胶制品,行业,-0.43,10.5,-2.17,-4.13,45.7,观察,1.0,14.0,0
2026-09-11,BK0424,水泥,行业,-1.5,26.0,-2.21,-5.76,45.6,观察,2.0,21.0,0
2026-09-11,BK1109,供销社概念,概念,-4.72,98.8,-2.73,-4.78,45.6,观察,1.0,19.0,0
2026-09-11,BK0916,氮化镓,概念,-11.34,273.5,-1.22,-4.14,45.6,观察,6.0,41.0,0
2026-09-11,BK0433,农林牧渔,行业,-7.58,430.8,-3.11,-1.76,45.5,观察,7.0,105.0,0
2026-09-11,BK0730,农药兽药,概念,-1.63,68.4,-2.83,-2.38,45.5,观察,3.0,46.0,0
2026-09-11,BK1391,综合环境治理,行业,-0.68,16.0,-1.53,-4.24,45.4,观察,2.0,13.0,0
2026-09-11,BK1601,医院,行业,-1.5,28.4,-1.99,-5.29,45.4,观察,1.0,14.0,0
2026-09-11,BK1007,植物照明,概念,-1.53,37.6,-1.74,-4.06,45.4,观察,2.0,18.0,0
2026-09-11,BK1717,题材股,概念,-23.78,936.9,-3.22,-2.54,45.4,观察,14.0,36.0,0
2026-09-11,BK1381,燃气Ⅲ,行业,-3.66,63.2,-2.75,-5.8,45.3,观察,2.0,29.0,0
2026-09-11,BK1028,燃气Ⅱ,行业,-3.66,63.2,-2.75,-5.8,45.3,观察,2.0,29.0,0
2026-09-11,BK1094,钙钛矿电池,概念,-8.83,198.1,-1.75,-4.46,45.3,观察,6.0,42.0,0
2026-09-11,BK0995,华为昇腾,概念,-3.68,124.3,-1.48,-2.96,45.1,观察,9.0,42.0,0
2026-09-11,BK0864,氢能源,概念,-17.4,1009.9,-1.8,-1.72,45.1,观察,31.0,245.0,0
2026-09-11,BK0610,央视50_,概念,-20.55,697.2,-0.69,-2.95,45.1,观察,11.0,38.0,0
2026-09-11,BK0536,基金重仓,概念,-63.88,4798.9,-1.77,-1.33,45.1,观察,54.0,286.0,0
2026-09-11,BK1448,横向通用软件,行业,-2.25,108.9,-1.86,-2.07,44.9,观察,8.0,26.0,0
2026-09-11,BK0943,汽车拆解,概念,-1.18,24.8,-2.07,-4.76,44.9,观察,2.0,16.0,0
2026-09-11,BK1129,数字水印,概念,-1.54,30.2,-1.25,-5.1,44.8,观察,2.0,16.0,0
2026-09-11,BK1589,通信应用增值服务,行业,-1.51,47.8,-1.38,-3.16,44.7,观察,1.0,15.0,0
2026-09-11,BK1492,焦炭Ⅲ,行业,-1.9,24.8,-4.3,-7.65,44.7,撤退,0,7.0,0
2026-09-11,BK1249,焦炭Ⅱ,行业,-1.9,24.8,-4.3,-7.65,44.7,撤退,0,7.0,0
2026-09-11,BK1177,荣耀概念,概念,-19.4,450.9,-0.84,-4.3,44.7,观察,9.0,46.0,0
2026-09-11,BK1711,消费风格,概念,-10.89,472.5,-1.51,-2.31,44.6,观察,17.0,83.0,0
2026-09-11,BK1045,房地产服务,行业,-1.15,22.1,-2.83,-5.21,44.5,观察,2.0,14.0,0
2026-09-11,BK0669,生态农业,概念,-4.4,130.5,-2.86,-3.37,44.5,观察,2.0,46.0,0
2026-09-11,BK0854,华为概念,概念,-60.21,4818.4,-1.43,-1.25,44.5,观察,129.0,622.0,0
2026-09-11,BK1019,化学原料,行业,-2.0,196.8,-2.8,-1.02,44.4,观察,3.0,61.0,0
2026-09-11,BK1274,炼化及贸易,行业,-4.45,121.9,-3.27,-3.65,44.4,观察,1.0,29.0,0
2026-09-11,BK0885,VPN,概念,-3.67,67.9,-0.68,-5.41,44.3,观察,4.0,15.0,0
2026-09-11,BK0834,乡村振兴,概念,-10.14,522.1,-2.24,-1.94,44.3,观察,16.0,136.0,0
2026-09-11,BK0682,燃料电池概念,概念,-12.69,582.5,-1.72,-2.18,44.3,观察,17.0,125.0,0
2026-09-11,BK0588,光伏概念,概念,-53.72,1704.3,-1.46,-3.15,44.3,观察,73.0,368.0,0
2026-09-11,BK0499,AH股,概念,-81.46,2709.2,-1.26,-3.01,44.3,观察,35.0,163.0,0
2026-09-11,BK1604,医疗耗材,行业,-2.62,62.4,-1.49,-4.2,44.2,观察,7.0,48.0,0
2026-09-11,BK1077,统一大市场,概念,-3.06,84.5,-2.67,-3.62,44.2,观察,1.0,44.0,0
2026-09-11,BK1322,其他电源设备Ⅲ,行业,-6.4,103.8,-2.21,-6.17,44.1,观察,2.0,27.0,0
2026-09-11,BK1074,托育服务,概念,-0.1,7.3,-2.44,-1.43,44.1,观察,0,6.0,0
2026-09-11,BK1103,熔盐储能,概念,-1.09,20.1,-2.28,-5.44,44.1,观察,0,11.0,0
2026-09-11,BK1164,AIPC,概念,-27.7,545.2,-0.76,-5.08,44.1,观察,13.0,48.0,0
2026-09-11,BK1213,商贸零售,行业,-8.76,230.3,-2.79,-3.8,43.9,观察,7.0,94.0,0
2026-09-11,BK0967,水产概念,概念,-2.24,50.0,-3.32,-4.48,43.9,观察,0,17.0,0
2026-09-11,BK0666,苹果概念,概念,-40.31,1093.1,-1.67,-3.69,43.9,观察,18.0,107.0,0
2026-09-11,BK1212,轻工制造,行业,-5.42,169.5,-2.14,-3.2,43.8,观察,18.0,151.0,0
2026-09-11,BK1131,同步磁阻电机,概念,-0.8,15.5,-1.73,-5.19,43.8,观察,1.0,6.0,0
2026-09-11,BK0938,代糖概念,概念,-4.04,81.7,-4.25,-4.94,43.7,观察,1.0,17.0,0
2026-09-11,BK0614,食品安全,概念,-4.32,81.9,-1.82,-5.28,43.6,观察,7.0,42.0,0
2026-09-11,BK1141,混合现实,概念,-8.12,292.1,-1.22,-2.78,43.4,观察,5.0,28.0,0
2026-09-11,BK1069,智慧灯杆,概念,-8.26,102.7,-1.19,-8.05,43.4,观察,4.0,24.0,0
2026-09-11,BK1663,大盘股,概念,-190.18,6140.3,-1.21,-3.1,43.4,观察,60.0,235.0,0
2026-09-11,BK1586,软饮料,行业,-0.21,14.2,-2.96,-1.46,43.3,观察,0,8.0,0
2026-09-11,BK1508,畜禽饲料,行业,-0.4,16.7,-2.6,-2.37,43.3,观察,0,9.0,0
2026-09-11,BK1333,LED,行业,-2.28,59.1,-1.65,-3.86,43.3,观察,4.0,25.0,0
2026-09-11,BK0832,工业互联网,概念,-20.62,935.4,-1.45,-2.2,43.3,观察,41.0,171.0,0
2026-09-11,BK0710,量子科技,概念,-24.01,709.5,-1.22,-3.38,43.3,观察,16.0,66.0,0
2026-09-11,BK1606,线下药店,行业,-0.13,8.9,-2.76,-1.44,43.2,观察,0,8.0,0
2026-09-11,BK0420,航空机场,行业,-1.75,39.4,-1.8,-4.43,43.2,观察,0,14.0,0
2026-09-11,BK1656,特色药,概念,-2.18,55.2,-1.66,-3.94,43.2,观察,3.0,39.0,0
2026-09-11,BK0920,车联网(车路云),概念,-19.71,756.3,-1.27,-2.61,43.2,观察,39.0,179.0,0
2026-09-11,BK1433,复合肥,行业,-1.57,29.5,-4.8,-5.34,43.1,观察,0,10.0,0
2026-09-11,BK0525,参股银行,概念,-16.47,1055.0,-2.12,-1.56,43.1,观察,26.0,203.0,0
2026-09-11,BK0523,新材料,概念,-53.64,2159.6,-1.68,-2.48,43.1,观察,57.0,339.0,0
2026-09-11,BK1427,民爆制品,行业,-1.82,26.0,-2.31,-7.02,43.0,观察,1.0,11.0,0
2026-09-11,BK1525,车身附件及饰件,行业,-1.52,49.9,-2.17,-3.04,42.9,观察,2.0,41.0,0
2026-09-11,BK1479,航空运输,行业,-1.77,31.7,-1.64,-5.58,42.8,观察,0,9.0,0
2026-09-11,BK1472,基建市政工程,行业,-2.86,41.7,-1.67,-6.86,42.8,观察,1.0,27.0,0
2026-09-11,BK1034,其他电源设备Ⅱ,行业,-7.88,120.0,-2.08,-6.57,42.7,观察,2.0,33.0,0
2026-09-11,BK1055,虚拟数字人,概念,-5.52,331.5,-1.57,-1.66,42.7,观察,11.0,75.0,0
2026-09-11,BK1178,AI眼镜,概念,-21.76,1014.7,-1.36,-2.14,42.7,观察,22.0,119.0,0
2026-09-11,BK0638,创业成份,概念,-44.85,2029.0,-1.52,-2.21,42.7,观察,13.0,85.0,0
2026-09-11,BK1588,通信工程及服务,行业,-1.95,29.0,-1.74,-6.72,42.6,观察,0,17.0,0
2026-09-11,BK1502,林业Ⅲ,行业,-2.11,29.3,-3.54,-7.19,42.6,观察,0,4.0,0
2026-09-11,BK1255,林业Ⅱ,行业,-2.11,29.3,-3.54,-7.19,42.6,观察,0,4.0,0
2026-09-11,BK1066,民爆概念,概念,-3.6,61.8,-2.21,-5.83,42.6,观察,2.0,19.0,0
2026-09-11,BK1102,空气能热泵,概念,-6.87,153.7,-1.8,-4.47,42.6,观察,5.0,32.0,0
2026-09-11,BK1667,小盘成长,概念,-52.0,1781.7,-1.88,-2.92,42.6,观察,44.0,307.0,0
2026-09-11,BK1371,铁矿石,行业,-0.42,17.0,-5.17,-2.45,42.5,观察,0,6.0,0
2026-09-11,BK1344,产业地产,行业,-1.07,9.0,-1.74,-11.87,42.5,观察,1.0,13.0,0
2026-09-11,BK1265,包装印刷,行业,-1.96,53.1,-2.02,-3.7,42.4,观察,3.0,44.0,0
2026-09-11,BK0972,快手概念,概念,-4.15,135.5,-1.53,-3.06,42.4,观察,3.0,31.0,0
2026-09-11,BK1661,行业龙头,概念,-44.45,1947.7,-1.25,-2.28,42.3,观察,20.0,74.0,0
2026-09-11,BK1169,Kimi概念,概念,-3.92,105.3,-1.27,-3.72,42.2,观察,3.0,14.0,0
2026-09-11,BK1214,社会服务,行业,-7.81,161.2,-2.36,-4.84,42.1,观察,11.0,78.0,0
2026-09-11,BK1593,通信终端及配件,行业,-11.55,168.9,-1.71,-6.84,42.1,观察,7.0,19.0,0
2026-09-11,BK0549,深圳特区,概念,-44.27,1570.9,-1.67,-2.82,42.1,观察,51.0,292.0,0
2026-09-11,BK1583,零食,行业,-0.28,14.7,-3.04,-1.92,42.0,观察,0,11.0,0
2026-09-11,BK1422,无机盐,行业,-0.44,43.3,-2.91,-1.01,42.0,观察,0,10.0,0
2026-09-11,BK1266,文娱用品,行业,-0.68,19.1,-2.98,-3.54,42.0,观察,1.0,20.0,0
2026-09-11,BK1715,趋势股,概念,-31.38,1940.8,-2.41,-1.62,42.0,观察,40.0,206.0,0
2026-09-11,BK0743,深证100R,概念,-58.1,2296.7,-1.33,-2.53,42.0,观察,18.0,80.0,0
2026-09-11,BK1319,硅料硅片,行业,-0.89,9.8,-1.15,-9.0,41.9,观察,1.0,4.0,0
2026-09-11,BK1644,微盘精选,概念,-0.56,22.5,-2.68,-2.47,41.8,观察,0,49.0,0
2026-09-11,BK1354,鞋帽及其他,行业,-0.21,10.1,-2.63,-2.09,41.6,观察,0,10.0,0
2026-09-11,BK1247,基础建设,行业,-2.78,52.8,-1.95,-5.27,41.6,观察,3.0,41.0,0
2026-09-11,BK0924,地摊经济,概念,-2.38,68.9,-3.16,-3.46,41.6,观察,1.0,29.0,0
2026-09-11,BK0833,小米概念,概念,-38.39,1445.6,-1.31,-2.66,41.6,观察,38.0,195.0,0
2026-09-11,BK1672,破发股,概念,-11.99,709.5,-2.11,-1.69,41.5,观察,66.0,647.0,0
2026-09-11,BK1668,小盘价值,概念,-18.16,835.7,-1.99,-2.17,41.5,观察,25.0,285.0,0
2026-09-11,BK0859,超清视频,概念,-24.11,621.3,-0.69,-3.88,41.5,观察,21.0,75.0,0
2026-09-11,BK0989,储能概念,概念,-43.46,1959.0,-1.65,-2.22,41.5,观察,68.0,413.0,0
2026-09-11,BK1504,粮油加工,行业,-3.26,46.7,-2.61,-6.98,41.4,观察,0,8.0,0
2026-09-11,BK1188,DeepSeek概念,概念,-11.65,1008.6,-1.6,-1.16,41.4,观察,37.0,225.0,0
2026-09-11,BK1166,低空经济,概念,-27.64,848.0,-1.46,-3.26,41.4,观察,53.0,260.0,0
2026-09-11,BK1137,存储芯片,概念,-110.3,1958.5,-1.53,-5.63,41.4,观察,21.0,120.0,0
2026-09-11,BK0612,上证180_,概念,-118.95,2893.9,-1.23,-4.11,41.4,观察,36.0,141.0,0
2026-09-11,BK1421,钛白粉,行业,-0.22,9.0,-3.36,-2.44,41.3,观察,0,6.0,0
2026-09-11,BK1415,其他化学纤维,行业,-0.27,8.8,-2.02,-3.08,41.3,观察,0,8.0,0
2026-09-11,BK1220,广告营销,行业,-4.49,108.3,-1.03,-4.15,41.3,观察,2.0,25.0,0
2026-09-11,BK1409,激光设备,行业,-10.83,153.9,-2.85,-7.04,41.3,观察,0,11.0,0
2026-09-11,BK1753,光刻胶,概念,-11.66,216.0,-1.74,-5.4,41.3,观察,5.0,57.0,0
2026-09-11,BK0506,创投,概念,-21.85,1239.2,-1.86,-1.76,41.3,观察,34.0,261.0,0
2026-09-11,BK0712,一带一路,概念,-37.08,2175.1,-2.02,-1.7,41.3,观察,54.0,469.0,0
2026-09-11,BK1546,电商服务,行业,-0.21,9.3,-2.59,-2.23,41.2,观察,0,8.0,0
2026-09-11,BK1281,休闲食品,行业,-0.36,21.6,-2.85,-1.68,41.2,观察,0,23.0,0
2026-09-11,BK0436,纺织服饰,行业,-1.98,102.2,-2.37,-1.93,41.2,观察,8.0,100.0,0
2026-09-11,BK1413,涤纶,行业,-0.18,13.7,-3.52,-1.29,41.1,观察,0,10.0,0
2026-09-11,BK0894,阿兹海默,概念,-1.08,40.1,-2.55,-2.7,41.1,观察,1.0,20.0,0
2026-09-11,BK0520,社保重仓,概念,-1.87,34.4,-2.08,-5.43,41.1,观察,1.0,16.0,0
2026-09-11,BK0554,物联网,概念,-48.31,1980.8,-1.36,-2.44,41.1,观察,68.0,312.0,0
2026-09-11,BK1488,跨境物流,行业,-0.65,12.4,-2.4,-5.24,41.0,观察,0,14.0,0
2026-09-11,BK1532,金属包装,行业,-0.74,10.1,-1.67,-7.34,41.0,观察,0,7.0,0
2026-09-11,BK0887,鸡肉概念,概念,-1.04,33.5,-2.42,-3.11,41.0,观察,0,20.0,0
2026-09-11,BK1710,先进制造风格,概念,-58.39,1314.0,-1.27,-4.44,41.0,观察,15.0,85.0,0
2026-09-11,BK0683,央国企改革,概念,-160.84,5904.8,-1.85,-2.72,41.0,观察,187.0,1237.0,0
2026-09-11,BK0821,MSCI中国,概念,-291.57,8960.0,-1.51,-3.25,41.0,观察,94.0,463.0,0
2026-09-11,BK1484,公交,行业,-0.34,6.7,-2.56,-5.04,40.9,观察,0,8.0,0
2026-09-11,BK0892,乳业,概念,-1.66,82.2,-2.82,-2.02,40.9,观察,2.0,30.0,0
2026-09-11,BK1049,EDR概念,概念,-3.01,82.1,-2.08,-3.66,40.9,观察,1.0,13.0,0
2026-09-11,BK0485,旅游酒店,概念,-7.1,107.5,-3.13,-6.6,40.9,观察,5.0,34.0,0
2026-09-11,BK1543,娱乐用品,行业,-0.72,14.1,-2.93,-5.08,40.8,观察,1.0,15.0,0
2026-09-11,BK1437,改性塑料,行业,-1.78,38.3,-2.4,-4.64,40.8,观察,1.0,21.0,0
2026-09-11,BK1101,先进封装,概念,-50.16,1008.2,-1.73,-4.98,40.8,观察,11.0,76.0,0
2026-09-11,BK0993,宠物经济,概念,-2.78,75.7,-2.35,-3.67,40.7,观察,7.0,66.0,0
2026-09-11,BK0481,汽车零部件,行业,-10.14,398.3,-1.94,-2.55,40.6,观察,27.0,249.0,0
2026-09-11,BK0981,工业气体,概念,-9.97,198.3,-2.1,-5.03,40.6,观察,3.0,30.0,0
2026-09-11,BK0721,PPP模式,概念,-12.86,271.8,-1.85,-4.73,40.6,观察,15.0,132.0,0
2026-09-11,BK0944,肝素概念,概念,-0.88,19.0,-2.36,-4.63,40.5,观察,0,13.0,0
2026-09-11,BK1698,股权集中,概念,-11.28,248.1,-1.93,-4.55,40.5,观察,7.0,77.0,0
2026-09-11,BK1411,非金属材料Ⅲ,行业,-3.45,55.8,-2.08,-6.18,40.4,观察,0,15.0,0
2026-09-11,BK1020,非金属材料Ⅱ,行业,-3.45,55.8,-2.08,-6.18,40.4,观察,0,15.0,0
2026-09-11,BK1112,破净股,概念,-24.8,916.2,-1.96,-2.71,40.4,观察,28.0,367.0,0
2026-09-11,BK1125,电子后视镜,概念,-2.89,65.8,-1.71,-4.39,40.3,观察,3.0,23.0,0
2026-09-11,BK1160,柔性屏(折叠屏),概念,-30.45,730.8,-1.48,-4.17,40.3,观察,13.0,77.0,0
2026-09-11,BK1468,其他建材Ⅲ,行业,-0.99,17.1,-2.37,-5.78,40.1,观察,0,17.0,0
2026-09-11,BK1651,显示技术,概念,-9.84,206.6,-1.09,-4.77,40.0,观察,6.0,40.0,0
2026-09-11,BK1090,机器人概念,概念,-46.64,2804.2,-1.61,-1.66,40.0,观察,105.0,661.0,0
2026-09-11,BK0739,工程机械,行业,-1.52,45.2,-2.01,-3.36,39.9,观察,2.0,32.0,0
2026-09-11,BK1157,飞行汽车(eVTOL),概念,-11.5,219.0,-1.6,-5.25,39.9,观察,15.0,69.0,0
2026-09-11,BK0667,安防概念,概念,-19.95,431.0,-1.04,-4.63,39.9,观察,32.0,109.0,0
2026-09-11,BK0922,数据中心,概念,-53.56,2244.3,-1.47,-2.39,39.9,观察,53.0,273.0,0
2026-09-11,BK1355,运动服装,行业,-0.12,5.3,-3.07,-2.15,39.8,观察,0,4.0,0
2026-09-11,BK0900,新能源车,概念,-59.55,3179.5,-1.61,-1.87,39.8,观察,103.0,603.0,0
2026-09-11,BK1554,商业物业经营,行业,-1.21,20.6,-2.68,-5.85,39.7,观察,1.0,17.0,0
2026-09-11,BK1099,轮毂电机,概念,-0.27,7.4,-2.17,-3.69,39.7,观察,0,9.0,0
2026-09-11,BK0966,碳交易,概念,-21.95,452.7,-1.98,-4.85,39.7,观察,16.0,125.0,0
2026-09-11,BK0722,虚拟现实,概念,-28.38,911.4,-1.4,-3.11,39.7,观察,32.0,185.0,0
2026-09-11,BK1293,营销代理,行业,-4.6,101.9,-1.06,-4.51,39.6,观察,2.0,23.0,0
2026-09-11,BK1526,底盘与发动机系统,行业,-6.61,196.9,-2.01,-3.35,39.6,观察,10.0,105.0,0
2026-09-11,BK1633,昨日高振幅,概念,-31.21,2583.8,-2.65,-1.21,39.6,观察,67.0,231.0,0
2026-09-11,BK1363,信托,行业,-0.29,5.8,-3.12,-5.09,39.5,观察,0,3.0,0
2026-09-11,BK0860,边缘计算,概念,-25.12,596.1,-1.21,-4.21,39.5,观察,23.0,101.0,0
2026-09-11,BK0840,OLED,概念,-38.44,786.2,-1.67,-4.89,39.5,观察,10.0,85.0,0
2026-09-11,BK1326,半导体设备,行业,-10.14,312.2,-2.38,-3.25,39.4,观察,1.0,24.0,0
2026-09-11,BK1061,数字经济,概念,-11.35,551.1,-1.59,-2.06,39.4,观察,28.0,164.0,0
2026-09-11,BK1561,旅游综合,行业,-1.12,14.6,-3.41,-7.71,39.3,观察,1.0,8.0,0
2026-09-11,BK1530,商用载货车,行业,-1.33,18.4,-1.6,-7.26,39.3,观察,0,9.0,0
2026-09-11,BK1211,汽车,行业,-9.57,522.0,-1.88,-1.83,39.3,观察,33.0,295.0,0
2026-09-11,BK1628,2025三季报扭亏,概念,-1.41,22.0,-2.17,-6.41,39.3,观察,1.0,10.0,0
2026-09-11,BK0693,基因测序,概念,-2.19,69.2,-2.01,-3.17,39.3,观察,2.0,44.0,0
2026-09-11,BK0500,HS300_,概念,-180.38,5222.1,-1.24,-3.45,39.3,观察,55.0,237.0,0
2026-09-11,BK1671,超跌股,概念,-9.21,224.2,-2.04,-4.11,39.2,观察,21.0,142.0,0
2026-09-11,BK1258,饲料,行业,-1.1,29.8,-3.12,-3.68,39.1,观察,0,17.0,0
2026-09-11,BK0676,独家药品,概念,-2.21,59.0,-1.77,-3.74,39.1,观察,2.0,40.0,0
2026-09-11,BK1666,大盘价值,概念,-52.92,1069.1,-1.53,-4.95,39.1,观察,14.0,76.0,0
2026-09-11,BK1444,IT服务Ⅲ,行业,-5.78,319.2,-1.82,-1.81,39.0,观察,17.0,120.0,0
2026-09-11,BK1238,IT服务Ⅱ,行业,-5.78,319.2,-1.82,-1.81,39.0,观察,17.0,120.0,0
2026-09-11,BK0528,转债标的,概念,-18.92,897.9,-2.02,-2.11,39.0,观察,29.0,287.0,0
2026-09-11,BK0580,LED概念,概念,-20.08,519.0,-1.77,-3.87,39.0,观察,15.0,78.0,0
2026-09-11,BK0535,QFII重仓,概念,-35.95,2795.6,-2.13,-1.29,39.0,观察,94.0,709.0,0
2026-09-11,BK1602,诊断服务,行业,-0.46,7.8,-1.71,-5.89,38.9,观察,0,5.0,0
2026-09-11,BK0594,长江三角,概念,-43.82,1726.5,-1.96,-2.54,38.9,观察,43.0,360.0,0
2026-09-11,BK0705,上证380,概念,-48.31,2008.2,-1.79,-2.41,38.9,观察,43.0,335.0,0
2026-09-11,BK1264,商用车,行业,-1.45,27.3,-1.97,-5.32,38.8,观察,0,14.0,0
2026-09-11,BK1432,氮肥,行业,-2.47,33.7,-5.47,-7.32,38.8,观察,0,6.0,0
2026-09-11,BK1064,东数西算,概念,-10.98,487.6,-1.44,-2.25,38.8,观察,11.0,60.0,0
2026-09-11,BK0611,上证50_,概念,-79.28,1468.9,-1.14,-5.4,38.8,观察,11.0,38.0,0
2026-09-11,BK1669,中盘成长,概念,-87.22,2501.5,-1.95,-3.49,38.8,观察,27.0,176.0,0
2026-09-11,BK0891,国产芯片,概念,-124.47,3588.0,-1.5,-3.47,38.8,观察,61.0,373.0,0
2026-09-11,BK1749,2026中报预增,概念,-163.42,5969.7,-2.02,-2.74,38.7,观察,81.0,494.0,0
2026-09-11,BK1406,印刷包装机械,行业,-0.21,6.6,-2.45,-3.16,38.6,观察,0,12.0,0
2026-09-11,BK1280,食品加工,行业,-1.16,34.8,-3.25,-3.34,38.6,观察,2.0,25.0,0
2026-09-11,BK1455,家电零部件Ⅲ,行业,-4.65,73.4,-2.38,-6.33,38.6,观察,3.0,32.0,0
2026-09-11,BK1242,家电零部件Ⅱ,行业,-4.65,73.4,-2.38,-6.33,38.6,观察,3.0,32.0,0
2026-09-11,BK1013,华为欧拉,概念,-1.91,45.8,-2.18,-4.17,38.6,观察,5.0,15.0,0
2026-09-11,BK0662,在线教育,概念,-14.55,350.4,-1.43,-4.15,38.6,观察,15.0,96.0,0
2026-09-11,BK1608,中药Ⅲ,行业,-3.21,91.1,-2.0,-3.52,38.5,观察,4.0,61.0,0
2026-09-11,BK1040,中药Ⅱ,行业,-3.21,91.1,-2.0,-3.52,38.5,观察,4.0,61.0,0
2026-09-11,BK1180,华为海思,概念,-18.29,341.0,-1.63,-5.36,38.5,观察,8.0,38.0,0
2026-09-11,BK1418,氯碱,行业,-2.26,30.4,-2.33,-7.44,38.4,观察,1.0,14.0,0
2026-09-11,BK0566,滨海新区,概念,-3.38,40.8,-2.58,-8.28,38.4,观察,1.0,20.0,0
2026-09-11,BK0932,尾气治理,概念,-4.06,107.4,-2.18,-3.78,38.4,观察,3.0,32.0,0
2026-09-11,BK0425,工程建设,概念,-13.5,176.8,-2.01,-7.64,38.4,观察,5.0,63.0,0
2026-09-11,BK1452,卫浴电器,行业,-1.62,8.1,-4.83,-20.05,38.3,观察,0,3.0,0
2026-09-11,BK1334,光学元件,行业,-8.1,131.5,-2.03,-6.16,38.3,观察,2.0,25.0,0
2026-09-11,BK1338,消费电子零部件及组装,行业,-13.54,496.9,-1.57,-2.73,38.3,观察,10.0,78.0,0
2026-09-11,BK1449,冰洗,行业,-0.94,9.5,-1.61,-9.84,38.2,观察,0,7.0,0
2026-09-11,BK0706,脑机接口,概念,-6.04,171.5,-1.69,-3.52,38.2,观察,7.0,48.0,0
2026-09-11,BK1670,中盘价值,概念,-16.4,593.0,-1.93,-2.77,38.2,观察,15.0,121.0,0
2026-09-11,BK0628,智慧城市,概念,-22.26,651.2,-1.46,-3.42,38.2,观察,33.0,183.0,0
2026-09-11,BK0879,标准普尔,概念,-203.62,6717.1,-1.7,-3.03,38.2,观察,132.0,902.0,0
2026-09-11,BK1569,炼油化工,行业,-1.95,79.1,-3.18,-2.46,38.1,观察,0,10.0,0
2026-09-11,BK1056,幽门螺杆菌概念,概念,-2.72,74.6,-1.99,-3.65,38.1,观察,3.0,57.0,0
2026-09-11,BK0893,无线耳机,概念,-28.59,686.5,-1.54,-4.16,38.1,观察,14.0,67.0,0
2026-09-11,BK1393,工程机械整机,行业,-1.59,36.0,-1.96,-4.42,38.0,观察,1.0,21.0,0
2026-09-11,BK1652,新消费,概念,-4.48,133.3,-2.24,-3.36,38.0,观察,7.0,75.0,0
2026-09-11,BK0552,机构重仓,概念,-71.5,4024.3,-1.93,-1.78,38.0,观察,128.0,943.0,0
2026-09-11,BK1346,住宅开发,行业,-3.19,92.5,-2.89,-3.45,37.9,观察,3.0,60.0,0
2026-09-11,BK0590,西部大开发,概念,-50.62,2486.5,-2.21,-2.04,37.8,观察,76.0,528.0,0
2026-09-11,BK1643,小盘股,概念,-102.21,3992.1,-1.92,-2.56,37.8,观察,107.0,886.0,0
2026-09-11,BK0471,化学纤维,行业,-0.69,39.0,-3.01,-1.76,37.7,观察,0,27.0,0
2026-09-11,BK1148,BC电池,概念,-8.82,143.9,-2.77,-6.13,37.7,观察,1.0,27.0,0
2026-09-11,BK1047,数据安全,概念,-10.02,239.8,-1.56,-4.18,37.7,观察,17.0,63.0,0
2026-09-11,BK0867,富时罗素,概念,-242.93,8978.9,-1.69,-2.71,37.7,观察,165.0,1103.0,0
2026-09-11,BK1675,历史新高,概念,-2.86,87.3,-1.51,-3.27,37.5,观察,1.0,11.0,0
2026-09-11,BK1595,原料药,行业,-5.23,73.4,-2.46,-7.13,37.4,观察,5.0,41.0,0
2026-09-11,BK1075,电子身份证,概念,-3.42,73.6,-1.7,-4.64,37.4,观察,5.0,33.0,0
2026-09-11,BK1145,机器人执行器,概念,-7.62,120.0,-2.02,-6.35,37.4,观察,5.0,31.0,0
2026-09-11,BK1089,汽车热管理,概念,-10.1,247.3,-1.83,-4.09,37.3,观察,12.0,88.0,0
2026-09-11,BK1646,消费电子概念,概念,-65.13,1550.0,-1.36,-4.2,37.3,观察,38.0,173.0,0
2026-09-11,BK0991,工程机械概念,概念,-2.89,75.3,-2.15,-3.84,37.2,观察,4.0,52.0,0
2026-09-11,BK0813,雄安新区,概念,-9.24,262.1,-2.2,-3.52,37.2,观察,13.0,134.0,0
2026-09-11,BK1410,其他自动化设备,行业,-6.05,78.8,-2.25,-7.68,37.1,观察,2.0,27.0,0
2026-09-11,BK1189,腾讯云,概念,-6.03,110.8,-1.44,-5.45,37.1,观察,5.0,15.0,0
2026-09-11,BK1156,PEEK材料概念,概念,-6.61,284.1,-2.21,-2.33,37.1,观察,4.0,44.0,0
2026-09-11,BK1372,冶钢辅料,行业,-0.71,7.0,-1.7,-10.21,37.0,观察,0,4.0,0
2026-09-11,BK1501,动物保健Ⅲ,行业,-0.25,6.5,-2.92,-3.83,36.9,观察,0,12.0,0
2026-09-11,BK1254,动物保健Ⅱ,行业,-0.25,6.5,-2.92,-3.83,36.9,观察,0,12.0,0
2026-09-11,BK1440,其他塑料制品,行业,-2.64,37.8,-2.0,-6.97,36.9,观察,3.0,18.0,0
2026-09-11,BK1428,其他化学制品,行业,-4.04,96.8,-2.24,-4.17,36.9,观察,6.0,75.0,0
2026-09-11,BK1037,消费电子,行业,-13.88,520.4,-1.56,-2.67,36.9,观察,11.0,88.0,0
2026-09-11,BK0835,独角兽,概念,-32.92,649.7,-1.45,-5.07,36.8,观察,13.0,89.0,0
2026-09-11,BK0701,中证500,概念,-95.65,3538.5,-1.79,-2.7,36.8,观察,62.0,436.0,0
2026-09-11,BK0917,半导体概念,概念,-184.46,4082.0,-1.69,-4.52,36.8,观察,67.0,466.0,0
2026-09-11,BK1519,电动乘用车,行业,-2.57,33.6,-1.34,-7.64,36.7,观察,1.0,2.0,0
2026-09-11,BK0451,房地产开发,行业,-4.19,114.1,-2.61,-3.68,36.7,观察,4.0,85.0,0
2026-09-11,BK0653,养老概念,概念,-9.43,320.9,-2.43,-2.94,36.7,观察,9.0,121.0,0
2026-09-11,BK1700,密集调研,概念,-22.77,362.6,-2.04,-6.28,36.7,观察,3.0,22.0,0
2026-09-11,BK1673,破增发价股,概念,-51.08,1841.6,-1.87,-2.77,36.7,观察,93.0,720.0,0
2026-09-11,BK0707,沪股通,概念,-244.57,8547.3,-1.87,-2.86,36.6,观察,203.0,1425.0,0
2026-09-11,BK1570,其他石化,行业,-3.14,32.1,-4.16,-9.81,36.5,观察,0,14.0,0
2026-09-11,BK1095,钒电池,概念,-4.14,98.0,-2.56,-4.22,36.5,观察,0,21.0,0
2026-09-11,BK0568,深成500,概念,-155.64,5274.3,-1.75,-2.95,36.5,观察,66.0,428.0,0
2026-09-11,BK1348,辅料,行业,-0.2,5.1,-2.19,-3.99,36.4,观察,0,4.0,0
2026-09-11,BK1198,2025三季报预增,概念,-22.87,669.7,-1.93,-3.42,36.3,观察,10.0,80.0,0
2026-09-11,BK0634,大数据,概念,-23.35,1288.6,-1.64,-1.81,36.3,观察,39.0,250.0,0
2026-09-11,BK1325,半导体材料,行业,-13.13,205.5,-2.23,-6.39,36.1,观察,1.0,29.0,0
2026-09-11,BK1011,环氧丙烷,概念,-5.63,83.1,-2.19,-6.78,36.1,观察,2.0,21.0,0
2026-09-11,BK0665,电商概念,概念,-19.02,878.3,-2.14,-2.17,36.1,观察,34.0,308.0,0
2026-09-11,BK1202,房地产,行业,-5.34,136.1,-2.64,-3.93,36.0,观察,6.0,99.0,0
2026-09-11,BK1301,游戏Ⅲ,行业,-3.72,91.2,-1.98,-4.08,35.9,观察,2.0,21.0,0
2026-09-11,BK1046,游戏Ⅱ,行业,-3.72,91.2,-1.98,-4.08,35.9,观察,2.0,21.0,0
2026-09-11,BK1682,2026一季报扭亏,概念,-6.86,93.6,-2.73,-7.32,35.8,观察,1.0,10.0,0
2026-09-11,BK1228,冶钢原料,行业,-1.13,24.0,-3.78,-4.71,35.7,观察,0,10.0,0
2026-09-11,BK0898,胎压监测,概念,-2.25,46.4,-1.61,-4.84,35.7,观察,1.0,27.0,0
2026-09-11,BK0948,MicroLED,概念,-14.12,214.6,-1.51,-6.58,35.7,观察,5.0,33.0,0
2026-09-11,BK0492,煤化工概念,概念,-17.32,362.8,-2.99,-4.77,35.6,观察,3.0,76.0,0
2026-09-11,BK0680,智能家居,概念,-29.79,647.8,-1.57,-4.6,35.6,观察,22.0,143.0,0
2026-09-11,BK1403,能源及重型设备,行业,-5.46,103.2,-2.35,-5.29,35.5,观察,4.0,57.0,0
2026-09-11,BK1303,锂电池,行业,-9.68,270.3,-2.12,-3.58,35.5,观察,3.0,30.0,0
2026-09-11,BK1431,有机硅,行业,-1.28,15.8,-2.75,-8.08,35.4,观察,0,10.0,0
2026-09-11,BK1308,电工仪器仪表,行业,-2.13,22.9,-2.08,-9.31,35.4,观察,0,14.0,0
2026-09-11,BK1560,酒店,行业,-0.84,13.8,-4.64,-6.1,35.3,观察,0,6.0,0
2026-09-11,BK1445,安防设备,行业,-3.34,39.8,-1.44,-8.39,35.3,观察,4.0,22.0,0
2026-09-11,BK0933,退税商店,概念,-5.13,68.3,-4.27,-7.51,35.3,观察,0,20.0,0
2026-09-11,BK0853,电子竞技,概念,-10.12,178.6,-1.26,-5.67,35.3,观察,5.0,28.0,0
2026-09-11,BK0823,养老金,概念,-28.17,760.8,-1.87,-3.7,35.3,观察,24.0,165.0,0
2026-09-11,BK1181,并购重组概念,概念,-33.58,791.0,-1.99,-4.24,35.3,观察,24.0,151.0,0
2026-09-11,BK1572,油气及炼化工程,行业,-1.45,31.4,-4.31,-4.61,35.2,观察,0,6.0,0
2026-09-11,BK0698,免疫治疗,概念,-2.87,60.1,-2.01,-4.78,35.2,观察,2.0,45.0,0
2026-09-11,BK1097,TOPCon电池,概念,-9.82,156.2,-2.72,-6.29,35.2,观察,1.0,39.0,0
2026-09-11,BK0534,成渝特区,概念,-15.66,277.7,-2.28,-5.64,35.2,观察,8.0,77.0,0
2026-09-11,BK0968,固态电池,概念,-35.16,1301.7,-1.94,-2.7,35.2,观察,27.0,200.0,0
2026-09-11,BK0804,深股通,概念,-250.42,9082.3,-1.86,-2.76,35.2,观察,231.0,1633.0,0
2026-09-11,BK0514,参股券商,概念,-15.71,581.6,-2.69,-2.7,35.1,观察,10.0,115.0,0
2026-09-11,BK1750,2026中报扭亏,概念,-37.7,856.7,-2.06,-4.4,35.1,观察,25.0,174.0,0
2026-09-11,BK0641,智能穿戴,概念,-46.71,1045.1,-1.3,-4.47,35.1,观察,23.0,106.0,0
2026-09-11,BK1252,化妆品,行业,-0.88,18.8,-2.65,-4.66,35.0,观察,1.0,15.0,0
2026-09-11,BK0895,维生素,概念,-2.88,75.5,-2.47,-3.81,35.0,观察,1.0,33.0,0
2026-09-11,BK1405,其他专用设备,行业,-11.37,213.6,-1.93,-5.32,34.9,观察,8.0,81.0,0
2026-09-11,BK1115,跨境电商,概念,-9.7,326.5,-2.42,-2.97,34.9,观察,13.0,154.0,0
2026-09-11,BK1664,中盘股,概念,-146.71,4196.4,-1.89,-3.5,34.8,观察,64.0,431.0,0
2026-09-11,BK1404,农用机械,行业,-0.33,7.6,-3.52,-4.28,34.7,观察,0,9.0,0
2026-09-11,BK0476,装修建材,行业,-2.58,39.7,-2.27,-6.49,34.7,观察,2.0,36.0,0
2026-09-11,BK1603,体外诊断,行业,-1.37,32.7,-2.23,-4.19,34.6,观察,0,39.0,0
2026-09-11,BK1435,磷肥及磷化工,行业,-4.45,54.0,-4.53,-8.23,34.6,观察,0,9.0,0
2026-09-11,BK1193,海南自贸,概念,-13.43,237.3,-2.25,-5.66,34.6,观察,5.0,82.0,0
2026-09-11,BK1175,玻璃基板,概念,-40.18,596.6,-1.92,-6.74,34.5,观察,4.0,56.0,0
2026-09-11,BK1416,粘胶,行业,-0.28,8.4,-4.1,-3.34,34.4,观察,0,3.0,0
2026-09-11,BK1078,肝炎概念,概念,-3.79,131.1,-2.25,-2.89,34.3,观察,3.0,54.0,0
2026-09-11,BK0969,汽车芯片,概念,-46.1,578.5,-1.57,-7.97,34.3,观察,10.0,64.0,0
2026-09-11,BK1147,SPD概念,概念,-0.81,14.9,-2.44,-5.4,34.2,观察,0,14.0,0
2026-09-11,BK1335,面板,行业,-13.59,159.6,-1.65,-8.52,34.0,观察,5.0,35.0,0
2026-09-11,BK0872,青蒿素,概念,-2.67,31.9,-2.17,-8.37,34.0,观察,0,11.0,0
2026-09-11,BK0498,AB股,概念,-12.37,186.4,-2.2,-6.64,34.0,观察,7.0,64.0,0
2026-09-11,BK1616,白银,行业,-1.02,66.1,-5.48,-1.54,33.9,观察,0,3.0,0
2026-09-11,BK0992,REITs概念,概念,-4.73,64.1,-2.8,-7.38,33.9,观察,1.0,23.0,0
2026-09-11,BK0567,股权激励,概念,-39.7,1013.8,-1.97,-3.92,33.9,观察,25.0,184.0,0
2026-09-11,BK1395,机床工具,行业,-1.34,21.2,-2.16,-6.31,33.8,观察,1.0,18.0,0
2026-09-11,BK1471,工程咨询服务Ⅲ,行业,-7.8,98.1,-2.42,-7.95,33.8,观察,4.0,41.0,0
2026-09-11,BK0726,工程咨询服务Ⅱ,行业,-7.8,98.1,-2.42,-7.95,33.8,观察,4.0,41.0,0
2026-09-11,BK1653,味蕾经济,概念,-7.84,251.7,-2.56,-3.12,33.8,观察,7.0,81.0,0
2026-09-11,BK0604,参股保险,概念,-12.51,293.6,-2.55,-4.26,33.8,观察,6.0,69.0,0
2026-09-11,BK1511,肉鸡养殖,行业,-0.68,11.4,-3.07,-5.96,33.7,观察,0,8.0,0
2026-09-11,BK1162,AI手机,概念,-17.78,247.8,-1.43,-7.18,33.7,观察,6.0,24.0,0
2026-09-11,BK1092,麒麟电池,概念,-1.96,117.2,-2.76,-1.67,33.6,观察,0,8.0,0
2026-09-11,BK0905,传感器,概念,-26.22,646.0,-1.83,-4.06,33.6,观察,19.0,116.0,0
2026-09-11,BK1625,钨,行业,-6.71,55.2,-1.94,-12.15,33.5,观察,0,4.0,0
2026-09-11,BK1009,元宇宙概念,概念,-18.1,550.3,-1.63,-3.29,33.5,观察,17.0,124.0,0
2026-09-11,BK1152,高带宽内存,概念,-24.99,449.7,-2.33,-5.56,33.5,观察,0,28.0,0
2026-09-11,BK0574,锂电池概念,概念,-61.14,2128.3,-2.02,-2.87,33.5,观察,49.0,389.0,0
2026-09-11,BK0501,次新股,概念,-16.86,480.9,-1.53,-3.5,33.4,观察,28.0,129.0,0
2026-09-11,BK1407,工控设备,行业,-3.44,71.0,-2.18,-4.85,33.3,观察,3.0,29.0,0
2026-09-11,BK0945,装配建筑,概念,-7.01,146.2,-2.39,-4.8,33.3,观察,7.0,84.0,0
2026-09-11,BK0615,中药概念,概念,-8.31,264.7,-2.13,-3.14,33.3,观察,7.0,138.0,0
2026-09-11,BK1197,反内卷概念,概念,-27.11,522.2,-2.37,-5.19,33.3,观察,11.0,147.0,0
2026-09-11,BK1155,小米汽车,概念,-18.0,538.5,-1.71,-3.34,33.2,观察,13.0,95.0,0
2026-09-11,BK1639,周期股,概念,-105.42,2099.0,-1.78,-5.02,33.2,观察,15.0,85.0,0
2026-09-11,BK0951,刀片电池,概念,-6.11,67.0,-1.83,-9.12,33.1,观察,2.0,11.0,0
2026-09-11,BK1126,ChatGPT概念,概念,-12.22,285.7,-1.5,-4.28,33.1,观察,9.0,52.0,0
2026-09-11,BK1200,电力设备,行业,-45.12,1351.2,-1.83,-3.34,33.0,观察,51.0,358.0,0
2026-09-11,BK0988,钠离子电池,概念,-13.39,367.0,-2.13,-3.65,33.0,观察,8.0,67.0,0
2026-09-11,BK1613,铝,行业,-6.42,139.9,-2.84,-4.59,32.9,观察,2.0,28.0,0
2026-09-11,BK0908,HJT电池,概念,-10.97,157.7,-2.28,-6.95,32.9,观察,3.0,38.0,0
2026-09-11,BK1555,专业连锁Ⅲ,行业,-0.65,9.2,-2.44,-7.0,32.7,观察,0,7.0,0
2026-09-11,BK1270,专业连锁Ⅱ,行业,-0.65,9.2,-2.44,-7.0,32.7,观察,0,7.0,0
2026-09-11,BK1581,预加工食品,行业,-0.88,13.9,-4.57,-6.3,32.7,观察,0,11.0,0
2026-09-11,BK1271,酒店餐饮,行业,-1.41,18.0,-4.12,-7.86,32.7,观察,0,10.0,0
2026-09-11,BK0822,租售同权,概念,-3.23,56.3,-2.97,-5.73,32.7,观察,1.0,22.0,0
2026-09-11,BK0817,昨日触板,概念,-5.66,229.2,-3.99,-2.47,32.7,观察,5.0,21.0,0
2026-09-11,BK1304,锂电专用设备,行业,-1.69,30.8,-2.29,-5.49,32.6,观察,2.0,16.0,0
2026-09-11,BK1631,昨日炸板,概念,-5.43,199.9,-3.78,-2.71,32.6,观察,5.0,18.0,0
2026-09-11,BK0596,融资融券,概念,-455.81,17356.9,-1.97,-2.63,32.6,观察,449.0,3391.0,0
2026-09-11,BK1179,房屋检测,概念,-2.92,52.9,-2.65,-5.53,32.5,观察,2.0,38.0,0
2026-09-11,BK1311,输变电设备,行业,-4.14,83.2,-2.07,-4.98,32.4,观察,2.0,28.0,0
2026-09-11,BK1192,雅下水电概念,概念,-12.18,248.6,-2.08,-4.9,32.4,观察,3.0,51.0,0
2026-09-11,BK1184,人形机器人,概念,-43.72,1321.6,-1.86,-3.31,32.4,观察,33.0,262.0,0
2026-09-11,BK1598,疫苗,行业,-2.49,29.1,-2.64,-8.55,32.3,观察,1.0,12.0,0
2026-09-11,BK1132,MLOps概念,概念,-1.46,29.9,-2.96,-4.89,32.3,观察,1.0,9.0,0
2026-09-11,BK1306,蓄电池及其他电池,行业,-1.81,21.3,-2.33,-8.48,32.2,观察,1.0,9.0,0
2026-09-11,BK1153,多模态AI,概念,-14.12,332.4,-1.75,-4.25,32.2,观察,16.0,73.0,0
2026-09-11,BK0512,化工原料,概念,-18.53,379.4,-2.92,-4.89,32.1,观察,5.0,89.0,0
2026-09-11,BK0689,阿里概念,概念,-30.94,997.8,-1.72,-3.1,32.1,观察,24.0,159.0,0
2026-09-11,BK1004,工业母机,概念,-26.66,380.6,-1.64,-7.01,32.0,观察,10.0,78.0,0
2026-09-11,BK0579,云计算,概念,-27.81,756.6,-1.52,-3.68,32.0,观察,24.0,123.0,0
2026-09-11,BK1133,ERP概念,概念,-2.22,47.0,-2.29,-4.72,31.9,观察,2.0,21.0,0
2026-09-11,BK0974,化妆品概念,概念,-2.89,74.4,-2.66,-3.89,31.8,观察,4.0,62.0,0
2026-09-11,BK1174,合成生物,概念,-17.49,298.5,-2.52,-5.86,31.8,观察,13.0,113.0,0
2026-09-11,BK1185,冰雪经济,概念,-5.93,91.5,-2.9,-6.48,31.7,观察,1.0,41.0,0
2026-09-11,BK1138,液冷服务器,概念,-55.56,1634.2,-1.9,-3.4,31.7,观察,29.0,160.0,0
2026-09-11,BK0910,专用设备,行业,-17.79,358.1,-2.14,-4.97,31.6,观察,17.0,184.0,0
2026-09-11,BK1135,数据要素,概念,-19.33,463.0,-1.71,-4.18,31.5,观察,24.0,144.0,0
2026-09-11,BK0644,特斯拉概念,概念,-51.44,1179.6,-1.91,-4.36,31.4,观察,22.0,193.0,0
2026-09-11,BK1118,数据确权,概念,-4.53,109.5,-2.19,-4.14,31.3,观察,3.0,36.0,0
2026-09-11,BK1111,AIGC概念,概念,-25.64,585.4,-1.48,-4.38,31.3,观察,18.0,109.0,0
2026-09-11,BK1182,智谱AI概念,概念,-7.11,122.3,-1.9,-5.81,31.1,观察,5.0,30.0,0
2026-09-11,BK1539,定制家居,行业,-1.24,14.5,-3.08,-8.53,31.0,观察,1.0,15.0,0
2026-09-11,BK1423,纺织化学制品,行业,-1.14,27.2,-3.47,-4.2,30.9,观察,0,13.0,0
2026-09-11,BK1605,医疗设备,行业,-3.59,61.1,-2.13,-5.87,30.8,观察,5.0,40.0,0
2026-09-11,BK1041,医疗器械,行业,-7.58,156.3,-1.91,-4.85,30.8,观察,12.0,127.0,0
2026-09-11,BK0438,食品饮料,行业,-7.81,259.5,-2.61,-3.01,30.8,观察,9.0,119.0,0
2026-09-11,BK1648,电池技术,概念,-94.75,2729.5,-2.13,-3.47,30.8,观察,60.0,510.0,0
2026-09-11,BK0690,氟化工概念,概念,-19.09,303.5,-2.36,-6.29,30.7,观察,6.0,39.0,0
2026-09-11,BK1599,其他医疗服务,行业,-0.39,5.6,-3.74,-6.95,30.6,观察,0,5.0,0
2026-09-11,BK1341,房产租赁经纪,行业,-0.81,13.8,-4.83,-5.87,30.6,观察,0,3.0,0
2026-09-11,BK1617,黄金,行业,-5.47,149.3,-2.59,-3.67,30.6,观察,1.0,9.0,0
2026-09-11,BK1038,光学光电子,行业,-23.97,350.2,-1.75,-6.84,30.6,观察,11.0,85.0,0
2026-09-11,BK1624,其他小金属,行业,-6.12,94.0,-2.68,-6.51,30.5,观察,1.0,15.0,0
2026-09-11,BK1063,重组蛋白,概念,-4.9,67.9,-2.73,-7.21,30.4,观察,2.0,32.0,0
2026-09-11,BK0548,生物疫苗,概念,-7.16,129.4,-2.16,-5.53,30.4,观察,4.0,68.0,0
2026-09-11,BK1025,预制菜概念,概念,-9.06,154.3,-3.66,-5.87,30.3,观察,1.0,65.0,0
2026-09-11,BK1093,汽车一体化压铸,概念,-3.29,59.9,-2.3,-5.49,30.2,观察,0,28.0,0
2026-09-11,BK1498,品牌化妆品,行业,-0.81,14.4,-2.93,-5.65,30.1,观察,0,8.0,0
2026-09-11,BK0731,农化制品,行业,-13.59,213.5,-3.72,-6.36,30.1,观察,3.0,60.0,0
2026-09-11,BK1036,半导体,行业,-87.99,2109.3,-1.98,-4.17,30.1,观察,15.0,170.0,0
2026-09-11,BK1071,跨境支付,概念,-12.58,337.5,-2.18,-3.73,30.1,观察,10.0,56.0,0
2026-09-11,BK0906,流感,概念,-9.11,224.3,-2.35,-4.06,29.9,观察,4.0,124.0,0
2026-09-11,BK1170,AI制药（医疗）,概念,-12.28,241.4,-2.06,-5.09,29.9,观察,4.0,76.0,0
2026-09-11,BK0955,C2M概念,概念,-2.97,55.0,-2.35,-5.4,29.8,观察,2.0,34.0,0
2026-09-11,BK1110,Web3.0,概念,-6.76,165.6,-1.85,-4.08,29.8,观察,3.0,46.0,0
2026-09-11,BK0697,IPO受益,概念,-18.78,302.1,-2.18,-6.22,29.7,观察,3.0,51.0,0
2026-09-11,BK0935,中芯概念,概念,-44.04,716.6,-2.26,-6.15,29.7,观察,3.0,63.0,0
2026-09-11,BK0939,辅助生殖,概念,-6.72,101.1,-2.51,-6.64,29.4,观察,2.0,52.0,0
2026-09-11,BK0742,创业板综,概念,-132.23,4577.4,-2.11,-2.89,29.4,观察,139.0,1214.0,0
2026-09-11,BK0734,饰品,行业,-1.38,26.1,-3.28,-5.28,28.9,观察,0,16.0,0
2026-09-11,BK1307,电机Ⅲ,行业,-1.9,35.5,-2.57,-5.36,28.9,观察,0,27.0,0
2026-09-11,BK1030,电机Ⅱ,行业,-1.9,35.5,-2.57,-5.36,28.9,观察,0,27.0,0
2026-09-11,BK1396,金属制品,行业,-7.23,142.8,-2.27,-5.07,28.9,观察,5.0,77.0,0
2026-09-11,BK1057,电子纸概念,概念,-11.22,106.2,-1.08,-10.57,28.9,观察,2.0,10.0,0
2026-09-11,BK1615,铜,行业,-30.19,415.5,-5.51,-7.27,28.8,观察,1.0,16.0,0
2026-09-11,BK1632,昨日高换手,概念,-17.42,1091.9,-4.21,-1.6,28.8,观察,13.0,69.0,0
2026-09-11,BK1674,近期新高,概念,-15.2,498.0,-2.69,-3.05,28.7,观察,11.0,58.0,0
2026-09-11,BK0830,区块链,概念,-40.01,1022.4,-1.77,-3.91,28.7,观察,32.0,205.0,0
2026-09-11,BK0949,氦气概念,概念,-8.28,113.4,-2.95,-7.3,28.5,观察,0,17.0,0
2026-09-11,BK0447,互联网服务,概念,-21.4,458.7,-1.65,-4.67,28.5,观察,15.0,129.0,0
2026-09-11,BK1465,防水材料,行业,-0.84,8.6,-3.68,-9.78,28.4,观察,0,3.0,0
2026-09-11,BK1426,聚氨酯,行业,-2.96,35.5,-2.36,-8.34,28.4,观察,0,10.0,0
2026-09-11,BK0999,茅指数,概念,-52.85,793.1,-1.12,-6.66,28.4,观察,9.0,33.0,0
2026-09-11,BK0800,人工智能,概念,-98.36,2788.9,-1.85,-3.53,28.4,观察,91.0,650.0,0
2026-09-11,BK0881,3D玻璃,概念,-10.01,131.3,-2.16,-7.63,28.3,观察,0,15.0,0
2026-09-11,BK0899,CRO,概念,-15.78,194.7,-2.71,-8.11,28.3,观察,3.0,46.0,0
2026-09-11,BK1187,小红书概念,概念,-9.48,203.1,-2.2,-4.67,28.2,观察,6.0,67.0,0
2026-09-11,BK0825,新零售,概念,-21.35,458.5,-2.84,-4.66,28.2,观察,8.0,143.0,0
2026-09-11,BK1361,期货,行业,-0.69,8.6,-5.85,-8.02,28.1,观察,0,4.0,0
2026-09-11,BK1357,钟表珠宝,行业,-1.32,25.2,-3.53,-5.21,28.1,观察,0,14.0,0
2026-09-11,BK1430,涂料油墨,行业,-2.17,26.4,-3.1,-8.2,28.1,观察,0,18.0,0
2026-09-11,BK1330,模拟芯片设计,行业,-6.38,119.0,-2.12,-5.36,28.0,观察,2.0,34.0,0
2026-09-11,BK0732,贵金属,行业,-6.49,215.4,-3.26,-3.01,28.0,观察,1.0,12.0,0
2026-09-11,BK0998,机器视觉,概念,-15.66,257.0,-2.05,-6.09,27.9,观察,7.0,92.0,0
2026-09-11,BK1005,专精特新,概念,-129.45,3163.6,-1.98,-4.09,27.8,观察,131.0,1114.0,0
2026-09-11,BK1320,逆变器,行业,-4.8,66.9,-2.06,-7.18,27.7,观察,1.0,9.0,0
2026-09-11,BK1206,基础化工,行业,-43.89,1080.8,-2.56,-4.06,27.7,观察,35.0,418.0,0
2026-09-11,BK1100,减速器,概念,-10.37,234.3,-2.3,-4.43,27.7,观察,5.0,83.0,0
2026-09-11,BK1031,光伏设备,行业,-12.56,198.1,-2.14,-6.34,27.6,观察,5.0,64.0,0
2026-09-11,BK0675,病毒防治,概念,-9.75,165.9,-2.28,-5.88,27.6,观察,3.0,105.0,0
2026-09-11,BK0668,医疗器械概念,概念,-38.39,818.1,-1.88,-4.69,27.5,观察,28.0,306.0,0
2026-09-11,BK1317,光伏加工设备,行业,-2.24,33.5,-2.94,-6.69,27.4,观察,0,11.0,0
2026-09-11,BK0545,通用设备,行业,-24.95,550.9,-2.18,-4.53,27.3,观察,21.0,236.0,0
2026-09-11,BK0845,百度概念,概念,-24.89,644.3,-1.75,-3.86,27.3,观察,15.0,134.0,0
2026-09-11,BK1676,百日新高,概念,-14.08,415.6,-3.31,-3.39,27.1,观察,10.0,50.0,0
2026-09-11,BK1010,磷化工,概念,-25.09,288.0,-3.54,-8.71,26.8,观察,3.0,47.0,0
2026-09-11,BK0696,国产软件,概念,-25.18,605.8,-1.99,-4.16,26.6,观察,30.0,203.0,0
2026-09-11,BK0937,蚂蚁金服概念,概念,-15.89,306.7,-2.11,-5.18,26.4,观察,4.0,57.0,0
2026-09-11,BK0809,AI智能体,概念,-22.45,527.6,-2.04,-4.26,26.4,观察,21.0,160.0,0
2026-09-11,BK0556,移动支付,概念,-15.63,280.1,-2.08,-5.58,26.2,观察,8.0,60.0,0
2026-09-11,BK1358,保险Ⅲ,行业,-6.69,71.5,-1.54,-9.36,26.0,观察,0,5.0,0
2026-09-11,BK0474,保险Ⅱ,行业,-6.69,71.5,-1.54,-9.36,26.0,观察,0,5.0,0
2026-09-11,BK1658,创新医疗服务,概念,-19.68,253.1,-2.26,-7.77,26.0,观察,3.0,76.0,0
2026-09-11,BK0806,精准医疗,概念,-5.21,78.4,-2.19,-6.64,25.8,观察,0,43.0,0
2026-09-11,BK1596,其他生物制品,行业,-4.02,66.1,-2.78,-6.08,25.7,观察,1.0,38.0,0
2026-09-11,BK1237,自动化设备,行业,-27.68,380.9,-2.34,-7.27,25.6,观察,7.0,87.0,0
2026-09-11,BK0477,酿酒概念,概念,-7.72,113.1,-2.02,-6.83,25.6,观察,2.0,35.0,0
2026-09-11,BK0884,光刻机,概念,-29.36,347.8,-2.17,-8.44,25.5,观察,4.0,38.0,0
2026-09-11,BK1400,制冷空调设备,行业,-4.09,51.8,-2.64,-7.9,25.3,观察,1.0,19.0,0
2026-09-11,BK1446,其他计算机设备,行业,-9.68,161.7,-1.97,-5.98,25.3,观察,6.0,57.0,0
2026-09-11,BK0735,计算机设备,行业,-13.02,201.6,-1.82,-6.46,25.2,观察,10.0,79.0,0
2026-09-11,BK0578,稀土永磁,概念,-12.39,232.3,-2.42,-5.33,25.2,观察,3.0,44.0,0
2026-09-11,BK1052,动力电池回收,概念,-18.21,268.7,-2.23,-6.78,25.2,观察,4.0,44.0,0
2026-09-11,BK0538,化学制品,行业,-21.09,353.2,-2.5,-5.97,25.1,观察,13.0,171.0,0
2026-09-11,BK0927,免税概念,概念,-5.01,54.0,-2.97,-9.27,25.1,观察,0,18.0,0
2026-09-11,BK1424,氟化工,行业,-5.95,82.5,-3.22,-7.22,25.0,观察,1.0,9.0,0
2026-09-11,BK1205,机械设备,行业,-71.39,1372.5,-2.15,-5.2,24.9,观察,50.0,567.0,0
2026-09-11,BK0896,白酒,概念,-8.42,143.0,-2.45,-5.89,24.9,观察,1.0,44.0,0
2026-09-11,BK0923,抖音概念(字节概念),概念,-35.91,716.0,-1.86,-5.01,24.9,观察,7.0,101.0,0
2026-09-11,BK0986,CAR-T细胞疗法,概念,-9.63,103.5,-2.27,-9.3,24.8,观察,1.0,30.0,0
2026-09-11,BK1629,AI应用,概念,-37.72,980.9,-2.08,-3.85,24.8,观察,35.0,267.0,0
2026-09-11,BK1318,光伏主材,行业,-2.25,14.0,-3.58,-16.03,24.7,观察,0,2.0,0
2026-09-11,BK1659,精准诊断,概念,-6.31,95.5,-2.4,-6.61,24.7,观察,0,61.0,0
2026-09-11,BK0727,医疗服务,行业,-17.0,199.0,-2.77,-8.55,24.6,观察,1.0,53.0,0
2026-09-11,BK1127,AI芯片,概念,-18.32,404.7,-1.9,-4.53,24.6,观察,2.0,36.0,0
2026-09-11,BK1398,其他通用设备,行业,-7.1,106.8,-2.51,-6.64,24.5,观察,3.0,54.0,0
2026-09-11,BK0953,鸿蒙概念,概念,-32.24,408.4,-1.87,-7.89,24.5,观察,20.0,111.0,0
2026-09-11,BK0980,化债(AMC)概念,概念,-9.98,153.2,-2.84,-6.52,24.4,观察,4.0,54.0,0
2026-09-11,BK1657,病原体防治,概念,-14.61,305.1,-2.38,-4.79,24.3,观察,6.0,161.0,0
2026-09-11,BK1000,宁组合,概念,-27.5,422.4,-1.63,-6.51,24.3,观察,2.0,22.0,0
2026-09-11,BK1600,医疗研发外包,行业,-14.66,157.3,-3.19,-9.32,24.1,观察,0,29.0,0
2026-09-11,BK0841,体外诊断概念,概念,-7.04,103.5,-2.33,-6.8,24.1,观察,0,68.0,0
2026-09-11,BK1104,信创,概念,-41.82,905.8,-1.95,-4.62,24.0,观察,30.0,214.0,0
2026-09-11,BK0837,互联网医疗,概念,-19.42,259.9,-1.75,-7.47,23.9,观察,4.0,96.0,0
2026-09-11,BK1655,零售概念,概念,-9.9,148.5,-3.13,-6.66,23.7,观察,2.0,61.0,0
2026-09-11,BK0889,医美概念,概念,-14.42,200.5,-2.35,-7.19,23.5,观察,2.0,78.0,0
2026-09-11,BK1044,生物制品,行业,-6.59,101.8,-2.78,-6.48,23.3,观察,2.0,56.0,0
2026-09-11,BK1207,计算机,行业,-36.6,857.4,-2.09,-4.27,23.1,观察,41.0,318.0,0
2026-09-11,BK1623,钼,行业,-1.61,14.9,-4.6,-10.81,23.0,观察,0,3.0,0
2026-09-11,BK1408,机器人,行业,-7.36,77.2,-2.44,-9.53,23.0,观察,2.0,20.0,0
2026-09-11,BK0947,屏下摄像,概念,-12.51,103.0,-1.15,-12.15,22.9,观察,0,8.0,0
2026-09-11,BK0883,数字货币,概念,-13.21,268.2,-2.54,-4.93,22.9,观察,6.0,77.0,0
2026-09-11,BK1012,PVDF概念,概念,-6.91,102.8,-2.76,-6.72,22.8,观察,0,14.0,0
2026-09-11,BK1594,化学制剂,行业,-10.47,218.9,-2.31,-4.78,22.6,观察,4.0,108.0,0
2026-09-11,BK1176,财税数字化,概念,-5.77,86.5,-2.41,-6.67,22.5,观察,2.0,39.0,0
2026-09-11,BK0870,单抗概念,概念,-8.27,132.8,-2.26,-6.23,22.4,观察,1.0,48.0,0
2026-09-11,BK1549,旅游零售Ⅲ,行业,-2.2,13.4,-2.89,-16.39,22.3,观察,0,2.0,0
2026-09-11,BK1269,旅游零售Ⅱ,行业,-2.2,13.4,-2.89,-16.39,22.3,观察,0,2.0,0
2026-09-11,BK0465,化学制药,行业,-15.7,292.4,-2.36,-5.37,22.3,观察,9.0,149.0,0
2026-09-11,BK0695,小金属概念,概念,-62.45,1127.5,-2.92,-5.54,22.0,观察,7.0,115.0,0
2026-09-11,BK1360,金融信息服务,行业,-2.0,16.8,-5.38,-11.89,21.9,观察,0,3.0,0
2026-09-11,BK0737,软件开发,行业,-17.79,336.6,-2.54,-5.29,21.7,观察,14.0,119.0,0
2026-09-11,BK1287,工业金属,行业,-41.5,622.2,-4.01,-6.67,21.6,观察,3.0,55.0,0
2026-09-11,BK1626,稀土,行业,-3.94,41.4,-2.8,-9.52,21.5,观察,0,4.0,0
2026-09-11,BK1712,医药医疗风格,概念,-29.12,413.8,-1.86,-7.04,21.4,观察,7.0,91.0,0
2026-09-11,BK1033,电池,行业,-23.79,464.3,-2.45,-5.12,21.3,观察,8.0,98.0,0
2026-09-11,BK1359,金融控股,行业,-3.09,36.9,-5.52,-8.38,21.2,观察,0,9.0,0
2026-09-11,BK1331,数字芯片设计,行业,-60.95,903.3,-1.84,-6.75,21.1,观察,4.0,50.0,0
2026-09-11,BK1146,减肥药,概念,-10.43,134.8,-2.56,-7.74,21.1,观察,2.0,41.0,0
2026-09-11,BK1622,镍,行业,-2.42,21.1,-3.58,-11.49,21.0,观察,0,1.0,0
2026-09-11,BK1027,小金属,行业,-18.38,205.6,-2.8,-8.94,20.7,观察,1.0,26.0,0
2026-09-11,BK1614,铅锌,行业,-4.89,66.8,-4.88,-7.33,20.3,观察,0,11.0,0
2026-09-11,BK1714,金融地产风格,概念,-55.0,718.7,-2.37,-7.65,19.9,观察,6.0,93.0,0
2026-09-11,BK0738,多元金融,行业,-6.25,82.2,-4.57,-7.6,19.6,观察,0,26.0,0
2026-09-11,BK1173,锂矿概念,概念,-26.58,497.2,-3.73,-5.35,19.5,观察,1.0,38.0,0
2026-09-11,BK0970,生物识别,概念,-15.3,170.9,-2.0,-8.95,19.4,观察,1.0,50.0,0
2026-09-11,BK1302,电池化学品,行业,-10.56,141.5,-2.8,-7.47,19.3,观察,2.0,42.0,0
2026-09-11,BK0478,有色金属,行业,-79.46,1238.3,-3.12,-6.42,19.3,观察,9.0,135.0,0
2026-09-11,BK0519,稀缺资源,概念,-59.68,860.6,-3.67,-6.93,19.3,观察,3.0,77.0,0
2026-09-11,BK1216,医药生物,行业,-50.63,871.2,-2.27,-5.81,19.2,观察,29.0,477.0,0
2026-09-11,BK1434,钾肥,行业,-4.13,41.1,-3.72,-10.05,19.1,观察,0,4.0,0
2026-09-11,BK1575,白酒Ⅲ,行业,-7.41,94.3,-2.24,-7.85,19.0,观察,0,20.0,0
2026-09-11,BK1277,白酒Ⅱ,行业,-7.41,94.3,-2.24,-7.85,19.0,观察,0,20.0,0
2026-09-11,BK0524,参股期货,概念,-27.24,263.5,-3.45,-10.34,18.4,观察,2.0,44.0,0
2026-09-11,BK1106,创新药,概念,-29.11,483.2,-2.3,-6.03,18.1,观察,9.0,194.0,0
2026-09-11,BK0547,黄金概念,概念,-43.93,780.9,-3.85,-5.63,18.1,观察,3.0,70.0,0
2026-09-11,BK1447,垂直应用软件,行业,-15.54,227.7,-2.78,-6.83,18.0,观察,6.0,93.0,0
2026-09-11,BK0637,互联网金融,概念,-65.06,993.2,-2.62,-6.55,18.0,观察,16.0,171.0,0
2026-09-11,BK1107,科创板做市商,概念,-13.33,113.9,-2.84,-11.7,16.5,观察,0,14.0,0
2026-09-11,BK1621,锂,行业,-9.62,75.1,-4.32,-12.81,13.1,观察,0,8.0,0
2026-09-11,BK1015,能源金属,行业,-12.43,101.0,-4.25,-12.31,12.1,观察,0,11.0,0
2026-09-11,BK1366,证券Ⅲ,行业,-40.97,319.1,-3.6,-12.84,9.0,观察,0,49.0,0
2026-09-11,BK0473,证券Ⅱ,行业,-40.97,319.1,-3.6,-12.84,9.0,观察,0,49.0,0
2026-09-11,BK1203,非银金融,行业,-53.91,472.8,-3.79,-11.4,8.7,观察,0,80.0,0
2026-09-11,BK0711,券商概念,概念,-47.41,370.6,-3.65,-12.79,8.6,观察,0,55.0,0
