code,name,type
BK0448,通信设备,行业
BK0450,航运港口,行业
BK0454,塑料,行业
BK0459,元件,行业
BK0478,有色金属,行业
BK0481,汽车零部件,行业
BK0501,次新股,行业
BK0505,中字头,行业
BK0519,稀缺资源,行业
BK0523,新材料,行业
BK0536,基金重仓,行业
BK0545,通用设备,行业
BK0546,玻璃玻纤,行业
BK0577,核能核电,行业
BK0595,风能,行业
BK0623,海洋经济,行业
BK0653,养老概念,行业
BK0667,安防概念,行业
BK0674,蓝宝石,行业
BK0679,超导概念,行业
BK0695,小金属概念,行业
BK0697,IPO受益,行业
BK0714,5G概念,行业
BK0727,医疗服务,行业
BK0743,深证100R,行业
BK0822,租售同权,行业
BK0825,新零售,行业
BK0877,PCB,行业
BK0889,医美概念,行业
BK0890,MLCC,行业
BK0891,国产芯片,行业
BK0899,CRO,行业
BK0916,氮化镓,行业
BK0917,半导体概念,行业
BK0935,中芯概念,行业
BK0947,屏下摄像,行业
BK0952,第三代半导体,行业
BK0968,固态电池,行业
BK0976,被动元件概念,行业
BK0986,CAR-T细胞疗法,行业
BK1023,培育钻石,行业
BK1032,风电设备,行业
BK1036,半导体,行业
BK1039,电子化学品Ⅱ,行业
BK1044,生物制品,行业
BK1053,低价股,行业
BK1057,电子纸概念,行业
BK1063,重组蛋白,行业
BK1088,F5G概念,行业
BK1101,先进封装,行业
BK1106,创新药,行业
BK1112,破净股,行业
BK1113,复合集流体,行业
BK1128,CPO概念,行业
BK1136,光通信模块,行业
BK1137,存储芯片,行业
BK1142,裸眼3D,行业
BK1152,高带宽内存,行业
BK1163,可控核聚变,行业
BK1175,玻璃基板,行业
BK1201,电子,行业
BK1203,非银金融,行业
BK1204,国防军工,行业
BK1211,汽车,行业
BK1215,通信,行业
BK1216,医药生物,行业
BK1229,地面兵装Ⅱ,行业
BK1230,航海装备Ⅱ,行业
BK1268,互联网电商,行业
BK1296,视频媒体,行业
BK1313,风电零部件,行业
BK1325,半导体材料,行业
BK1326,半导体设备,行业
BK1328,集成电路封测,行业
BK1332,电子化学品Ⅲ,行业
BK1335,面板,行业
BK1339,被动元件,行业
BK1340,印制电路板,行业
BK1375,光伏发电,行业
BK1382,地面兵装Ⅲ,行业
BK1383,航海装备Ⅲ,行业
BK1397,磨具磨料,行业
BK1409,激光设备,行业
BK1439,膜材料,行业
BK1453,彩电,行业
BK1462,玻纤制造,行业
BK1482,航运,行业
BK1526,底盘与发动机系统,行业
BK1547,跨境电商,行业
BK1591,通信网络设备及器件,行业
BK1592,通信线缆及配套,行业
BK1596,其他生物制品,行业
BK1600,医疗研发外包,行业
BK1611,国有大型银行Ⅲ,行业
BK1625,钨,行业
BK1635,长期破净,行业
BK1639,周期股,行业
BK1641,红利股,行业
BK1650,通信技术,行业
BK1657,病原体防治,行业
BK1658,创新医疗服务,行业
BK1660,光纤概念,行业
BK1662,权重股,行业
BK1665,大盘成长,行业
BK1667,小盘成长,行业
BK1680,2026一季报预增,行业
BK1713,科技风格,行业
BK1714,金融地产风格,行业
BK1716,反转股,行业
BK1723,低市净率,行业
BK1749,2026中报预增,行业
BK1753,光刻胶,行业
